{
  "instance": "TLN.inp",
  "runs": 12,
  "published_best_cost": 419000.0,
  "best_cost_min": 437000.0,
  "best_cost_max": 463000.0,
  "best_cost_mean": 449916.6666666667,
  "best_cost_median": 448500.0,
  "best_cost_stdev": 9680.8933972902,
  "best_run_distance_from_published_best_pct": 4.2959427207637235,
  "median_run_distance_from_published_best_pct": 7.040572792362765
}