{"run_id": "run-d44bed979b", "saved_at": 1778312869.1698267, "generation": 130, "config": {"network_file": "TLN.inp", "algorithm": "standard", "population_size": 40, "max_generations": 130, "local_search_intensity": 0.8, "seed": 54, "strict_objective_for_optimization": true, "strict_check_full_population_each_gen": true, "repair_mode": "first_generation", "strict_population_scan_mode": "hybrid", "strict_population_scan_top_k": 8, "strict_population_full_scan_interval": 5}, "population": [[7, 2, 12, 7, 8, 3, 8, 4], [7, 2, 12, 7, 8, 3, 8, 4], [7, 2, 12, 7, 8, 3, 8, 4], [7, 2, 12, 7, 8, 3, 8, 4], [7, 3, 12, 7, 8, 3, 8, 4], [7, 2, 12, 7, 8, 3, 8, 4], [7, 2, 12, 7, 7, 3, 8, 5], [7, 2, 13, 7, 8, 3, 8, 5], [7, 2, 12, 7, 8, 3, 8, 4], [7, 2, 12, 7, 8, 3, 6, 4], [7, 2, 12, 7, 8, 3, 8, 4], [7, 2, 12, 7, 8, 3, 8, 4], [6, 2, 12, 7, 8, 3, 8, 4], [7, 2, 12, 7, 8, 3, 8, 4], [7, 2, 12, 6, 8, 3, 8, 4], [7, 2, 12, 7, 8, 3, 8, 4], [7, 2, 12, 7, 8, 4, 8, 4], [7, 2, 12, 7, 8, 3, 8, 4], [7, 2, 12, 5, 8, 3, 8, 4], [7, 1, 12, 7, 8, 3, 8, 4], [7, 2, 12, 7, 8, 3, 8, 4], [7, 2, 12, 7, 8, 6, 8, 4], [7, 2, 12, 8, 8, 3, 8, 4], [7, 2, 12, 7, 7, 3, 8, 4], [7, 2, 12, 7, 7, 3, 8, 4], [7, 2, 12, 7, 8, 3, 11, 4], [7, 2, 12, 7, 8, 3, 8, 4], [7, 2, 12, 7, 9, 3, 8, 4], [7, 2, 12, 7, 8, 3, 8, 4], [7, 2, 12, 7, 8, 3, 8, 4], [7, 2, 12, 7, 8, 3, 8, 4], [7, 2, 12, 7, 8, 3, 8, 4], [7, 2, 12, 7, 8, 3, 5, 4], [7, 2, 12, 7, 8, 3, 8, 4], [7, 2, 12, 7, 8, 3, 8, 4], [7, 2, 12, 7, 8, 3, 8, 4], [7, 2, 12, 7, 8, 3, 8, 4], [7, 2, 12, 7, 8, 4, 8, 4], [7, 2, 12, 7, 8, 3, 7, 4], [7, 2, 12, 7, 10, 3, 8, 4]], "best_paper_score_seen": 544000.0, "best_gap_seen": 29.832935560859188}