{"run_id": "run-5fa059f7ef", "saved_at": 1778312879.568396, "generation": 130, "config": {"network_file": "TLN.inp", "algorithm": "standard", "population_size": 40, "max_generations": 130, "local_search_intensity": 0.8, "seed": 49, "strict_objective_for_optimization": true, "strict_check_full_population_each_gen": true, "repair_mode": "first_generation", "strict_population_scan_mode": "hybrid", "strict_population_scan_top_k": 8, "strict_population_full_scan_interval": 5}, "population": [[9, 11, 4, 8, 2, 7, 7, 6], [9, 11, 4, 8, 2, 7, 7, 6], [9, 11, 4, 8, 2, 7, 7, 6], [9, 11, 4, 8, 2, 7, 7, 6], [9, 11, 4, 8, 2, 7, 8, 6], [9, 11, 4, 8, 2, 7, 7, 6], [9, 11, 4, 8, 2, 7, 7, 6], [9, 11, 4, 8, 2, 7, 7, 6], [9, 11, 4, 8, 3, 7, 7, 6], [9, 11, 4, 8, 1, 7, 7, 6], [9, 11, 4, 8, 2, 7, 7, 6], [9, 11, 4, 8, 2, 7, 7, 6], [9, 11, 4, 8, 2, 7, 7, 6], [9, 11, 4, 8, 2, 7, 6, 6], [9, 11, 2, 8, 2, 7, 7, 6], [9, 11, 5, 7, 2, 7, 7, 6], [9, 11, 4, 8, 2, 7, 7, 6], [9, 11, 4, 8, 2, 7, 7, 6], [9, 11, 4, 8, 2, 7, 7, 6], [9, 10, 4, 8, 2, 7, 8, 6], [9, 10, 4, 8, 2, 7, 7, 6], [9, 11, 4, 8, 2, 7, 7, 6], [9, 11, 4, 8, 2, 7, 7, 6], [9, 11, 4, 8, 2, 7, 9, 6], [9, 11, 4, 8, 2, 5, 7, 6], [9, 11, 4, 8, 2, 7, 7, 6], [9, 11, 4, 8, 2, 6, 7, 6], [9, 11, 4, 8, 2, 7, 7, 6], [9, 11, 4, 8, 2, 7, 7, 6], [9, 11, 4, 8, 2, 7, 7, 5], [9, 12, 4, 8, 2, 7, 7, 6], [9, 11, 4, 8, 2, 7, 7, 6], [9, 11, 4, 8, 2, 7, 7, 6], [9, 11, 4, 8, 2, 7, 7, 7], [9, 11, 4, 8, 2, 7, 7, 6], [9, 11, 4, 8, 3, 8, 7, 6], [9, 11, 4, 8, 2, 7, 7, 6], [9, 11, 4, 8, 2, 7, 7, 6], [9, 11, 4, 8, 2, 7, 7, 6], [9, 11, 4, 8, 2, 7, 7, 6]], "best_paper_score_seen": 209000.0, "best_gap_seen": -50.11933174224344}