{"run_id": "run-c3c404e922", "saved_at": 1775912252.664401, "generation": 130, "config": {"network_file": "TLN.inp", "algorithm": "memetic", "population_size": 40, "max_generations": 130, "local_search_intensity": 0.8, "seed": 45, "strict_objective_for_optimization": true, "strict_check_full_population_each_gen": true, "repair_mode": "first_generation", "strict_population_scan_mode": "hybrid", "strict_population_scan_top_k": 8, "strict_population_full_scan_interval": 5}, "population": [[11, 6, 9, 0, 8, 6, 6, 0], [11, 6, 9, 0, 8, 6, 6, 0], [11, 6, 9, 0, 8, 6, 6, 0], [11, 6, 10, 0, 8, 6, 6, 0], [11, 6, 9, 0, 8, 6, 6, 0], [11, 6, 9, 0, 8, 6, 6, 0], [11, 6, 9, 0, 8, 6, 6, 0], [11, 6, 9, 0, 8, 6, 6, 1], [11, 6, 9, 0, 8, 6, 6, 0], [11, 6, 9, 0, 8, 6, 6, 0], [11, 6, 9, 0, 8, 6, 6, 0], [11, 6, 9, 0, 8, 6, 6, 0], [11, 6, 9, 0, 8, 6, 6, 0], [13, 8, 10, 0, 8, 6, 5, 0], [11, 6, 9, 0, 8, 6, 6, 0], [11, 6, 9, 0, 8, 6, 6, 0], [11, 6, 9, 0, 8, 6, 6, 0], [11, 6, 9, 0, 8, 6, 6, 0], [11, 6, 9, 0, 8, 6, 6, 0], [11, 6, 9, 0, 8, 6, 6, 0], [11, 6, 9, 0, 8, 6, 6, 0], [11, 6, 9, 0, 8, 6, 6, 1], [11, 6, 9, 0, 8, 6, 6, 0], [11, 6, 9, 0, 7, 6, 6, 0], [11, 6, 9, 0, 8, 6, 6, 0], [11, 6, 9, 0, 8, 6, 6, 0], [11, 6, 9, 0, 8, 6, 6, 0], [11, 6, 9, 0, 8, 6, 6, 0], [11, 6, 9, 0, 8, 6, 6, 0], [11, 6, 9, 0, 8, 6, 6, 0], [11, 6, 9, 0, 8, 6, 6, 0], [11, 6, 9, 0, 8, 6, 6, 0], [11, 6, 9, 0, 8, 6, 6, 0], [11, 6, 9, 0, 8, 6, 5, 0], [11, 6, 9, 0, 8, 6, 6, 0], [11, 6, 9, 0, 8, 6, 6, 0], [11, 6, 9, 0, 8, 6, 6, 0], [13, 8, 11, 0, 7, 7, 8, 2], [11, 6, 9, 0, 8, 6, 6, 0], [11, 6, 9, 0, 8, 6, 6, 0]], "best_paper_score_seen": 420000.0, "best_gap_seen": 0.2386634844868735}