{"run_id": "run-3610f18805", "saved_at": 1775912253.5635955, "generation": 130, "config": {"network_file": "TLN.inp", "algorithm": "memetic", "population_size": 40, "max_generations": 130, "local_search_intensity": 0.8, "seed": 51, "strict_objective_for_optimization": true, "strict_check_full_population_each_gen": true, "repair_mode": "first_generation", "strict_population_scan_mode": "hybrid", "strict_population_scan_top_k": 8, "strict_population_full_scan_interval": 5}, "population": [[10, 8, 8, 0, 8, 4, 8, 6], [10, 8, 8, 0, 8, 4, 8, 6], [10, 8, 8, 0, 8, 4, 8, 5], [10, 8, 8, 0, 8, 4, 8, 6], [10, 8, 8, 0, 8, 4, 8, 6], [10, 8, 8, 0, 8, 2, 8, 8], [10, 8, 8, 0, 8, 4, 8, 6], [10, 8, 8, 0, 8, 4, 8, 6], [10, 10, 8, 0, 8, 4, 8, 6], [10, 8, 8, 0, 8, 4, 8, 6], [10, 8, 8, 0, 8, 4, 8, 6], [10, 8, 8, 0, 8, 2, 9, 6], [10, 8, 8, 0, 8, 4, 8, 6], [10, 8, 8, 0, 8, 1, 8, 6], [10, 8, 8, 0, 8, 4, 8, 6], [10, 8, 8, 0, 8, 4, 8, 6], [10, 8, 8, 0, 8, 4, 8, 6], [10, 8, 6, 0, 8, 4, 8, 6], [10, 11, 8, 0, 8, 4, 8, 6], [10, 8, 8, 0, 8, 4, 8, 6], [10, 8, 8, 0, 8, 4, 8, 6], [10, 8, 8, 0, 8, 4, 8, 6], [10, 8, 8, 0, 8, 4, 8, 6], [10, 8, 8, 0, 8, 4, 8, 6], [9, 8, 8, 0, 8, 4, 8, 6], [10, 8, 8, 0, 9, 4, 13, 8], [10, 8, 8, 0, 8, 4, 8, 6], [10, 9, 9, 0, 7, 4, 9, 6], [10, 8, 8, 0, 8, 4, 8, 6], [10, 8, 8, 0, 8, 4, 8, 6], [10, 8, 8, 0, 8, 5, 8, 6], [10, 8, 8, 0, 8, 4, 8, 6], [10, 8, 8, 0, 8, 4, 8, 6], [10, 8, 8, 0, 8, 4, 8, 6], [10, 8, 8, 0, 8, 4, 8, 6], [10, 8, 8, 0, 8, 4, 8, 6], [10, 8, 8, 0, 8, 2, 9, 6], [10, 8, 8, 0, 8, 4, 8, 6], [10, 8, 8, 0, 8, 4, 8, 6], [10, 8, 8, 0, 8, 4, 8, 6]], "best_paper_score_seen": 420000.0, "best_gap_seen": 0.2386634844868735}