{"run_id": "run-7d4903385f", "saved_at": 1778312874.749683, "generation": 130, "config": {"network_file": "TLN.inp", "algorithm": "standard", "population_size": 40, "max_generations": 130, "local_search_intensity": 0.8, "seed": 55, "strict_objective_for_optimization": true, "strict_check_full_population_each_gen": true, "repair_mode": "first_generation", "strict_population_scan_mode": "hybrid", "strict_population_scan_top_k": 8, "strict_population_full_scan_interval": 5}, "population": [[11, 8, 6, 3, 6, 9, 9, 0], [11, 8, 6, 3, 6, 9, 9, 0], [11, 8, 6, 3, 6, 9, 9, 0], [11, 8, 6, 3, 6, 9, 9, 0], [11, 8, 6, 3, 6, 9, 10, 0], [11, 8, 6, 3, 6, 9, 9, 0], [11, 8, 6, 3, 6, 9, 8, 0], [11, 8, 5, 3, 6, 9, 9, 0], [11, 6, 6, 3, 6, 10, 9, 0], [11, 8, 6, 3, 6, 9, 8, 0], [11, 8, 6, 4, 6, 9, 9, 0], [11, 8, 6, 3, 6, 9, 9, 0], [11, 8, 6, 3, 6, 9, 9, 0], [11, 8, 6, 3, 6, 9, 9, 0], [11, 8, 6, 3, 6, 9, 9, 0], [12, 8, 6, 3, 6, 9, 9, 0], [11, 8, 6, 3, 6, 9, 9, 0], [11, 8, 6, 3, 6, 9, 9, 0], [10, 8, 6, 3, 6, 9, 9, 0], [11, 8, 6, 3, 6, 9, 9, 0], [10, 8, 6, 3, 6, 9, 9, 0], [11, 8, 6, 3, 6, 9, 9, 0], [11, 8, 6, 3, 6, 9, 9, 0], [11, 8, 6, 3, 6, 9, 9, 0], [11, 8, 6, 3, 6, 9, 9, 0], [11, 8, 6, 3, 6, 9, 9, 1], [11, 8, 6, 3, 6, 9, 9, 0], [11, 8, 6, 3, 6, 9, 9, 0], [11, 8, 6, 3, 6, 9, 9, 0], [11, 8, 6, 3, 6, 9, 9, 0], [11, 8, 6, 3, 6, 9, 9, 0], [11, 8, 6, 3, 6, 9, 9, 0], [10, 8, 7, 3, 6, 9, 9, 0], [11, 8, 6, 3, 6, 8, 9, 0], [11, 8, 6, 3, 6, 9, 9, 0], [11, 8, 6, 3, 6, 9, 9, 0], [11, 8, 4, 3, 6, 9, 9, 0], [11, 8, 6, 3, 6, 9, 9, 0], [11, 8, 6, 3, 6, 9, 9, 0], [11, 8, 6, 3, 6, 9, 9, 0]], "best_paper_score_seen": 458000.0, "best_gap_seen": 9.307875894988067}