{"run_id": "run-01cca66c1b", "saved_at": 1778312666.102424, "generation": 130, "config": {"network_file": "TLN.inp", "algorithm": "standard", "population_size": 40, "max_generations": 130, "local_search_intensity": 0.8, "seed": 46, "strict_objective_for_optimization": true, "strict_check_full_population_each_gen": true, "repair_mode": "first_generation", "strict_population_scan_mode": "hybrid", "strict_population_scan_top_k": 8, "strict_population_full_scan_interval": 5}, "population": [[11, 8, 8, 0, 7, 3, 7, 8], [11, 8, 8, 0, 7, 3, 7, 8], [11, 8, 8, 0, 7, 3, 7, 8], [11, 8, 8, 0, 7, 3, 7, 8], [11, 9, 8, 0, 7, 3, 7, 8], [11, 8, 8, 0, 7, 3, 7, 8], [11, 8, 8, 0, 7, 3, 7, 8], [11, 8, 8, 0, 9, 3, 7, 8], [11, 8, 8, 0, 7, 3, 7, 8], [11, 8, 8, 0, 7, 3, 7, 8], [10, 8, 8, 0, 7, 3, 7, 8], [11, 8, 8, 0, 7, 3, 7, 8], [11, 8, 8, 0, 7, 3, 7, 6], [11, 8, 8, 0, 7, 3, 7, 8], [11, 8, 8, 0, 8, 3, 7, 8], [11, 8, 8, 0, 7, 3, 7, 8], [11, 8, 8, 0, 7, 3, 7, 8], [11, 8, 8, 0, 7, 3, 7, 8], [11, 8, 8, 0, 7, 3, 7, 8], [11, 4, 8, 0, 7, 3, 7, 8], [11, 6, 8, 0, 7, 3, 7, 8], [11, 9, 8, 0, 7, 3, 7, 8], [11, 8, 8, 1, 7, 3, 7, 8], [8, 8, 8, 0, 4, 3, 7, 8], [11, 8, 8, 0, 7, 3, 7, 8], [11, 8, 8, 0, 7, 3, 7, 9], [11, 8, 8, 0, 7, 3, 8, 8], [11, 8, 8, 0, 7, 3, 7, 8], [11, 8, 8, 0, 7, 3, 7, 8], [11, 8, 8, 0, 7, 3, 7, 8], [11, 8, 8, 0, 7, 3, 7, 8], [11, 8, 8, 0, 7, 3, 7, 8], [9, 8, 8, 0, 8, 3, 7, 8], [11, 8, 8, 0, 7, 3, 7, 8], [11, 8, 8, 0, 7, 3, 7, 8], [11, 8, 8, 0, 7, 3, 7, 7], [11, 8, 8, 0, 7, 3, 7, 8], [11, 8, 8, 0, 7, 3, 7, 8], [11, 8, 8, 0, 7, 3, 7, 8], [11, 8, 8, 0, 7, 3, 7, 7]], "best_paper_score_seen": 463000.0, "best_gap_seen": 10.501193317422434}