{"run_id": "run-a35ba126fb", "saved_at": 1778312669.5243309, "generation": 130, "config": {"network_file": "TLN.inp", "algorithm": "standard", "population_size": 40, "max_generations": 130, "local_search_intensity": 0.8, "seed": 47, "strict_objective_for_optimization": true, "strict_check_full_population_each_gen": true, "repair_mode": "first_generation", "strict_population_scan_mode": "hybrid", "strict_population_scan_top_k": 8, "strict_population_full_scan_interval": 5}, "population": [[10, 5, 11, 5, 8, 6, 4, 0], [10, 5, 11, 5, 8, 6, 4, 0], [10, 5, 11, 5, 8, 6, 4, 0], [10, 5, 11, 5, 6, 6, 4, 0], [10, 3, 11, 5, 8, 6, 4, 0], [10, 5, 11, 5, 8, 6, 4, 0], [9, 5, 11, 5, 8, 6, 4, 0], [10, 5, 11, 5, 8, 6, 4, 0], [10, 5, 11, 5, 8, 6, 4, 0], [13, 5, 11, 5, 8, 6, 4, 0], [10, 5, 11, 5, 8, 6, 4, 0], [10, 5, 11, 5, 8, 6, 4, 0], [10, 5, 11, 5, 8, 6, 4, 0], [10, 5, 11, 5, 8, 6, 4, 0], [10, 5, 11, 5, 8, 6, 4, 0], [10, 5, 11, 5, 6, 6, 4, 0], [10, 5, 11, 5, 8, 6, 4, 0], [10, 5, 11, 5, 8, 6, 4, 0], [10, 5, 11, 5, 8, 6, 4, 0], [10, 5, 11, 5, 8, 6, 4, 0], [10, 5, 11, 5, 8, 6, 4, 0], [10, 5, 11, 5, 8, 6, 4, 0], [10, 5, 11, 5, 8, 6, 4, 0], [10, 5, 11, 5, 8, 6, 4, 0], [10, 5, 11, 5, 8, 6, 4, 0], [11, 5, 11, 5, 8, 6, 4, 0], [10, 5, 9, 5, 8, 6, 4, 0], [10, 5, 11, 4, 8, 6, 4, 0], [10, 5, 11, 5, 8, 6, 4, 0], [10, 5, 11, 5, 7, 6, 4, 0], [10, 5, 11, 5, 8, 6, 4, 0], [10, 5, 11, 5, 8, 6, 4, 0], [10, 4, 11, 5, 8, 6, 5, 0], [10, 5, 11, 5, 8, 6, 4, 0], [10, 5, 11, 6, 8, 6, 4, 0], [10, 5, 11, 5, 8, 6, 3, 0], [10, 7, 11, 5, 10, 6, 4, 0], [10, 5, 11, 5, 8, 6, 4, 0], [10, 5, 11, 5, 8, 6, 4, 0], [10, 5, 11, 5, 8, 6, 4, 0]], "best_paper_score_seen": 456000.0, "best_gap_seen": 8.83054892601432}