{"run_id": "run-62376d3726", "saved_at": 1775842072.4520936, "generation": 121, "config": {"network_file": "TLN.inp", "algorithm": "memetic", "population_size": 40, "max_generations": 250, "local_search_intensity": 0.8, "seed": 49, "strict_objective_for_optimization": true, "strict_check_full_population_each_gen": true, "repair_mode": "first_generation"}, "population": [[9, 7, 8, 5, 8, 1, 7, 8], [9, 7, 8, 5, 8, 1, 7, 8], [9, 7, 8, 6, 8, 1, 7, 8], [9, 7, 8, 5, 8, 1, 7, 8], [9, 7, 8, 5, 8, 1, 7, 9], [9, 7, 11, 6, 9, 0, 9, 8], [9, 7, 8, 5, 8, 1, 7, 8], [10, 8, 8, 3, 8, 1, 8, 7], [9, 7, 8, 5, 8, 1, 7, 8], [9, 7, 10, 5, 8, 1, 7, 8], [9, 7, 8, 5, 8, 1, 7, 8], [9, 8, 8, 5, 8, 1, 7, 10], [9, 7, 8, 5, 8, 1, 7, 8], [8, 7, 8, 5, 8, 1, 7, 8], [9, 7, 8, 6, 8, 1, 7, 8], [9, 7, 8, 5, 8, 1, 7, 8], [9, 7, 8, 5, 8, 1, 8, 8], [9, 7, 8, 5, 8, 1, 7, 8], [10, 8, 8, 5, 8, 1, 8, 6], [9, 7, 8, 5, 8, 1, 7, 8], [9, 8, 8, 6, 8, 1, 7, 10], [9, 7, 8, 5, 8, 1, 7, 8], [9, 7, 8, 5, 8, 1, 7, 8], [10, 7, 9, 5, 8, 1, 7, 9], [9, 7, 8, 5, 8, 1, 7, 8], [9, 7, 8, 5, 8, 1, 7, 8], [9, 7, 8, 5, 8, 1, 7, 8], [9, 7, 8, 5, 8, 1, 7, 8], [9, 7, 8, 5, 8, 1, 7, 8], [9, 7, 8, 6, 8, 1, 7, 8], [9, 7, 8, 5, 8, 1, 7, 8], [9, 7, 8, 5, 8, 1, 7, 8], [9, 7, 8, 5, 8, 1, 7, 8], [9, 7, 8, 5, 8, 1, 8, 8], [9, 7, 8, 5, 8, 1, 7, 8], [9, 7, 8, 5, 7, 1, 7, 8], [9, 7, 8, 5, 8, 1, 7, 8], [9, 7, 8, 4, 8, 1, 7, 8], [9, 10, 8, 5, 8, 1, 8, 8], [9, 7, 8, 5, 10, 1, 7, 8]], "best_paper_score_seen": 423000.0, "best_gap_seen": 0.954653937947494}