{"run_id": "run-8b62c934e7", "saved_at": 1778312668.516192, "generation": 130, "config": {"network_file": "TLN.inp", "algorithm": "standard", "population_size": 40, "max_generations": 130, "local_search_intensity": 0.8, "seed": 44, "strict_objective_for_optimization": true, "strict_check_full_population_each_gen": true, "repair_mode": "first_generation", "strict_population_scan_mode": "hybrid", "strict_population_scan_top_k": 8, "strict_population_full_scan_interval": 5}, "population": [[6, 5, 4, 8, 0, 4, 3, 8], [6, 4, 4, 8, 0, 4, 3, 10], [6, 5, 4, 8, 0, 4, 3, 8], [6, 5, 4, 8, 0, 4, 4, 8], [6, 5, 4, 8, 0, 4, 3, 8], [6, 6, 4, 8, 0, 4, 3, 8], [6, 5, 4, 8, 0, 4, 3, 8], [6, 5, 4, 8, 0, 4, 3, 8], [6, 5, 4, 8, 0, 4, 3, 8], [6, 5, 4, 8, 0, 4, 3, 8], [6, 6, 4, 8, 0, 4, 3, 7], [6, 5, 4, 8, 0, 4, 3, 8], [6, 5, 4, 8, 0, 4, 3, 8], [6, 5, 4, 8, 0, 4, 3, 8], [6, 5, 4, 8, 0, 4, 4, 8], [6, 3, 4, 8, 0, 4, 3, 8], [6, 5, 4, 8, 0, 4, 3, 8], [6, 5, 4, 8, 0, 4, 3, 8], [6, 6, 4, 7, 0, 4, 3, 8], [3, 5, 4, 8, 0, 4, 3, 8], [6, 5, 4, 8, 0, 4, 3, 8], [6, 5, 4, 8, 0, 4, 3, 8], [6, 5, 4, 8, 0, 4, 3, 8], [6, 5, 4, 7, 0, 4, 3, 8], [6, 5, 4, 8, 0, 4, 3, 8], [6, 5, 4, 8, 0, 4, 3, 8], [6, 5, 4, 8, 0, 4, 3, 8], [6, 5, 4, 8, 0, 4, 3, 8], [6, 5, 3, 8, 0, 4, 3, 8], [6, 5, 4, 8, 0, 4, 3, 8], [6, 5, 4, 8, 0, 4, 3, 8], [6, 5, 4, 8, 0, 4, 3, 8], [6, 5, 4, 8, 2, 4, 3, 8], [6, 5, 4, 8, 0, 4, 4, 8], [6, 5, 4, 8, 0, 4, 3, 8], [6, 5, 4, 8, 0, 4, 3, 8], [6, 5, 4, 8, 0, 4, 5, 8], [6, 5, 4, 8, 0, 4, 3, 8], [6, 5, 4, 8, 0, 3, 3, 8], [6, 5, 4, 8, 0, 4, 3, 8]], "best_paper_score_seen": 203000.0, "best_gap_seen": -51.55131264916468}