{"run_id": "run-0073e1f6ec", "saved_at": 1775912270.557495, "generation": 130, "config": {"network_file": "TLN.inp", "algorithm": "memetic", "population_size": 40, "max_generations": 130, "local_search_intensity": 0.8, "seed": 46, "strict_objective_for_optimization": true, "strict_check_full_population_each_gen": true, "repair_mode": "first_generation", "strict_population_scan_mode": "hybrid", "strict_population_scan_top_k": 8, "strict_population_full_scan_interval": 5}, "population": [[10, 8, 8, 0, 8, 0, 8, 7], [10, 8, 8, 0, 8, 0, 8, 7], [10, 8, 8, 0, 8, 0, 8, 7], [10, 7, 8, 0, 8, 0, 8, 7], [10, 8, 8, 0, 8, 0, 8, 7], [10, 8, 8, 0, 8, 0, 8, 7], [10, 8, 8, 0, 8, 0, 8, 7], [10, 8, 8, 0, 8, 0, 8, 7], [10, 8, 8, 0, 8, 0, 8, 7], [10, 9, 8, 0, 8, 0, 8, 6], [10, 8, 8, 0, 8, 0, 8, 7], [10, 7, 8, 1, 8, 0, 8, 7], [10, 8, 8, 0, 8, 0, 8, 7], [10, 8, 8, 0, 8, 0, 8, 7], [10, 8, 8, 0, 8, 0, 8, 8], [10, 8, 8, 0, 8, 0, 8, 7], [10, 8, 8, 0, 8, 0, 8, 7], [11, 8, 8, 0, 7, 0, 8, 7], [10, 8, 8, 0, 8, 0, 8, 7], [10, 8, 8, 0, 8, 0, 8, 7], [10, 8, 8, 0, 8, 0, 8, 7], [10, 8, 8, 0, 8, 1, 8, 7], [10, 8, 8, 0, 8, 0, 8, 7], [10, 8, 8, 0, 8, 0, 8, 6], [10, 8, 8, 0, 8, 0, 8, 7], [10, 8, 9, 0, 7, 0, 8, 7], [11, 8, 8, 0, 7, 0, 8, 7], [10, 8, 8, 0, 8, 0, 8, 7], [10, 8, 8, 0, 8, 0, 8, 7], [10, 8, 8, 0, 8, 0, 8, 7], [10, 8, 8, 0, 8, 0, 8, 7], [10, 8, 8, 0, 8, 0, 8, 7], [10, 8, 8, 0, 8, 0, 8, 7], [10, 8, 8, 0, 8, 0, 8, 7], [11, 9, 8, 0, 7, 0, 7, 7], [10, 8, 8, 0, 8, 0, 8, 7], [10, 8, 8, 0, 8, 0, 8, 7], [10, 8, 8, 0, 8, 0, 8, 7], [10, 8, 8, 0, 8, 0, 4, 7], [10, 8, 9, 0, 8, 0, 8, 7]], "best_paper_score_seen": 424000.0, "best_gap_seen": 1.1933174224343674}