{"run_id": "run-257cff26e7", "saved_at": 1775842072.6537836, "generation": 148, "config": {"network_file": "TLN.inp", "algorithm": "memetic", "population_size": 40, "max_generations": 250, "local_search_intensity": 0.8, "seed": 44, "strict_objective_for_optimization": true, "strict_check_full_population_each_gen": true, "repair_mode": "first_generation"}, "population": [[11, 6, 9, 0, 8, 6, 6, 0], [11, 6, 9, 0, 8, 6, 6, 1], [11, 6, 9, 0, 8, 6, 6, 0], [11, 6, 8, 0, 8, 6, 6, 0], [11, 6, 9, 0, 8, 6, 6, 0], [11, 6, 9, 0, 8, 6, 6, 0], [11, 6, 9, 0, 8, 6, 6, 0], [11, 6, 9, 0, 8, 6, 6, 0], [11, 6, 9, 0, 8, 6, 6, 0], [11, 6, 9, 0, 8, 6, 6, 0], [11, 6, 9, 1, 8, 6, 6, 0], [11, 6, 9, 0, 8, 6, 6, 0], [11, 6, 9, 0, 8, 6, 6, 0], [11, 6, 9, 0, 8, 6, 6, 0], [11, 6, 9, 0, 8, 6, 6, 0], [11, 6, 9, 0, 8, 6, 6, 0], [11, 6, 9, 0, 8, 6, 6, 0], [11, 6, 9, 0, 8, 6, 6, 0], [11, 6, 9, 0, 8, 6, 6, 0], [11, 6, 9, 0, 8, 6, 6, 0], [11, 6, 9, 0, 8, 6, 6, 0], [11, 6, 9, 0, 8, 6, 6, 0], [11, 6, 9, 0, 8, 6, 6, 0], [11, 6, 9, 0, 8, 6, 6, 0], [11, 6, 9, 0, 8, 6, 6, 0], [11, 6, 9, 0, 8, 6, 6, 0], [11, 6, 9, 0, 8, 6, 6, 0], [11, 6, 9, 0, 8, 6, 6, 0], [11, 6, 9, 0, 8, 6, 6, 0], [11, 6, 9, 0, 8, 6, 8, 0], [11, 6, 9, 0, 8, 6, 6, 0], [11, 6, 9, 0, 8, 6, 6, 0], [11, 6, 9, 0, 8, 6, 6, 0], [11, 6, 9, 0, 8, 6, 6, 0], [11, 6, 9, 0, 8, 6, 6, 0], [11, 6, 9, 0, 8, 6, 6, 1], [11, 6, 9, 0, 8, 5, 6, 0], [11, 6, 9, 0, 8, 6, 6, 0], [12, 6, 9, 0, 8, 6, 6, 0], [11, 6, 9, 0, 8, 6, 6, 0]], "best_paper_score_seen": 420000.0, "best_gap_seen": 0.2386634844868735}