{"run_id": "run-11aac9b43d", "saved_at": 1778312872.1738682, "generation": 130, "config": {"network_file": "TLN.inp", "algorithm": "standard", "population_size": 40, "max_generations": 130, "local_search_intensity": 0.8, "seed": 57, "strict_objective_for_optimization": true, "strict_check_full_population_each_gen": true, "repair_mode": "first_generation", "strict_population_scan_mode": "hybrid", "strict_population_scan_top_k": 8, "strict_population_full_scan_interval": 5}, "population": [[7, 8, 11, 8, 7, 1, 4, 6], [7, 8, 11, 8, 7, 2, 4, 6], [7, 8, 11, 8, 7, 1, 4, 6], [7, 8, 11, 8, 7, 1, 4, 6], [5, 8, 11, 8, 7, 1, 4, 6], [7, 8, 11, 8, 7, 1, 4, 6], [7, 8, 11, 8, 7, 1, 4, 5], [7, 8, 11, 8, 7, 1, 4, 6], [7, 8, 11, 8, 7, 1, 4, 6], [7, 8, 11, 8, 7, 1, 4, 6], [7, 8, 11, 8, 7, 1, 4, 6], [7, 8, 11, 8, 7, 1, 4, 6], [7, 8, 11, 8, 7, 1, 4, 6], [7, 8, 11, 8, 7, 1, 4, 6], [7, 8, 11, 7, 7, 1, 4, 6], [7, 8, 11, 8, 7, 1, 4, 6], [7, 8, 11, 8, 7, 1, 4, 6], [7, 8, 11, 10, 7, 1, 4, 6], [7, 8, 11, 6, 7, 1, 4, 3], [7, 8, 11, 8, 7, 3, 4, 6], [7, 8, 11, 8, 7, 1, 4, 6], [7, 8, 11, 8, 7, 1, 4, 6], [6, 8, 13, 8, 7, 1, 4, 6], [7, 8, 11, 8, 7, 1, 4, 6], [7, 8, 11, 8, 7, 1, 4, 6], [7, 8, 11, 8, 7, 1, 4, 6], [7, 8, 11, 8, 7, 1, 4, 6], [7, 8, 11, 8, 7, 1, 4, 6], [7, 8, 11, 8, 7, 1, 4, 6], [7, 8, 11, 11, 7, 3, 4, 6], [7, 8, 11, 8, 7, 1, 4, 6], [7, 8, 11, 8, 7, 1, 4, 6], [7, 8, 11, 8, 7, 1, 4, 6], [7, 8, 11, 8, 7, 1, 4, 6], [7, 8, 11, 8, 7, 1, 4, 6], [7, 8, 11, 8, 7, 1, 4, 6], [7, 8, 11, 8, 7, 1, 4, 6], [7, 8, 11, 8, 7, 1, 4, 6], [7, 7, 11, 8, 7, 1, 4, 6], [7, 8, 11, 8, 7, 1, 4, 8]], "best_paper_score_seen": 433000.0, "best_gap_seen": 3.341288782816229}