{"run_id": "run-d7abb92593", "saved_at": 1778312871.1267817, "generation": 130, "config": {"network_file": "TLN.inp", "algorithm": "standard", "population_size": 40, "max_generations": 130, "local_search_intensity": 0.8, "seed": 44, "strict_objective_for_optimization": true, "strict_check_full_population_each_gen": true, "repair_mode": "first_generation", "strict_population_scan_mode": "hybrid", "strict_population_scan_top_k": 8, "strict_population_full_scan_interval": 5}, "population": [[7, 8, 10, 8, 7, 4, 5, 8], [7, 7, 10, 8, 7, 4, 5, 10], [7, 8, 10, 8, 7, 4, 5, 8], [7, 8, 10, 8, 7, 4, 6, 8], [7, 8, 10, 8, 7, 4, 5, 8], [7, 9, 10, 8, 7, 4, 5, 8], [7, 8, 10, 8, 7, 4, 5, 8], [7, 8, 10, 8, 6, 4, 5, 8], [7, 8, 10, 8, 7, 4, 5, 8], [7, 8, 10, 8, 7, 4, 5, 8], [7, 9, 10, 8, 7, 4, 5, 7], [7, 8, 10, 8, 7, 4, 5, 8], [7, 8, 10, 8, 7, 4, 5, 8], [7, 8, 10, 8, 7, 4, 5, 8], [7, 8, 10, 8, 7, 4, 6, 8], [7, 6, 10, 8, 7, 4, 5, 8], [7, 8, 10, 8, 7, 4, 5, 8], [7, 8, 10, 8, 7, 4, 5, 8], [7, 9, 10, 7, 7, 4, 5, 8], [4, 8, 10, 8, 7, 4, 5, 8], [7, 8, 10, 8, 7, 4, 5, 8], [7, 8, 10, 8, 7, 4, 5, 8], [7, 8, 10, 8, 7, 4, 5, 8], [7, 8, 10, 7, 7, 4, 5, 8], [7, 8, 10, 8, 7, 4, 5, 8], [7, 8, 10, 8, 7, 4, 5, 8], [7, 8, 10, 8, 7, 4, 5, 8], [7, 8, 10, 8, 7, 4, 5, 8], [7, 8, 9, 8, 7, 4, 5, 8], [7, 8, 10, 8, 7, 4, 5, 8], [7, 8, 10, 8, 7, 4, 7, 8], [7, 8, 10, 8, 7, 4, 5, 8], [7, 8, 10, 8, 9, 4, 5, 8], [7, 8, 10, 8, 7, 4, 6, 8], [7, 8, 10, 8, 7, 4, 5, 8], [7, 8, 10, 8, 7, 4, 5, 8], [7, 8, 10, 8, 7, 4, 7, 8], [7, 8, 10, 8, 7, 4, 5, 8], [7, 8, 10, 8, 7, 3, 5, 8], [7, 8, 10, 8, 7, 4, 5, 8]], "best_paper_score_seen": 449000.0, "best_gap_seen": 7.159904534606206}