{"run_id": "run-0809b50eaf", "saved_at": 1775912265.686971, "generation": 130, "config": {"network_file": "TLN.inp", "algorithm": "memetic", "population_size": 40, "max_generations": 130, "local_search_intensity": 0.8, "seed": 44, "strict_objective_for_optimization": true, "strict_check_full_population_each_gen": true, "repair_mode": "first_generation", "strict_population_scan_mode": "hybrid", "strict_population_scan_top_k": 8, "strict_population_full_scan_interval": 5}, "population": [[10, 8, 8, 0, 8, 4, 8, 6], [10, 8, 8, 0, 8, 4, 8, 6], [10, 8, 8, 0, 8, 4, 8, 6], [10, 8, 8, 0, 8, 4, 8, 6], [10, 8, 8, 0, 8, 4, 8, 6], [10, 8, 8, 0, 8, 4, 8, 7], [10, 8, 8, 0, 8, 4, 8, 6], [10, 8, 8, 0, 9, 5, 8, 5], [10, 9, 8, 0, 8, 1, 8, 6], [10, 8, 8, 0, 8, 4, 8, 6], [10, 8, 8, 0, 8, 4, 8, 6], [10, 8, 8, 0, 8, 4, 8, 6], [10, 8, 8, 0, 8, 4, 8, 6], [10, 8, 8, 0, 8, 4, 8, 6], [10, 8, 8, 0, 8, 4, 8, 5], [10, 8, 8, 0, 8, 2, 9, 6], [10, 7, 9, 0, 8, 5, 8, 6], [10, 8, 8, 0, 8, 4, 8, 6], [10, 8, 9, 0, 8, 5, 7, 5], [10, 8, 8, 0, 8, 4, 8, 6], [10, 8, 8, 0, 8, 4, 8, 6], [10, 8, 8, 0, 8, 4, 8, 6], [10, 8, 8, 0, 8, 4, 8, 6], [10, 6, 6, 0, 8, 4, 8, 6], [10, 8, 8, 0, 8, 4, 8, 6], [10, 8, 8, 0, 8, 4, 8, 6], [12, 7, 8, 0, 8, 4, 8, 6], [10, 8, 8, 0, 8, 4, 8, 6], [10, 8, 8, 0, 8, 4, 8, 6], [10, 8, 8, 0, 8, 4, 8, 6], [10, 8, 8, 0, 8, 4, 8, 6], [10, 8, 8, 0, 8, 4, 8, 6], [10, 8, 8, 0, 8, 4, 8, 6], [10, 8, 8, 0, 8, 4, 8, 6], [10, 8, 8, 0, 8, 4, 8, 6], [10, 8, 8, 0, 8, 4, 8, 6], [10, 8, 8, 0, 8, 4, 8, 6], [10, 8, 8, 0, 8, 4, 8, 6], [10, 8, 8, 0, 8, 4, 8, 6], [10, 8, 8, 0, 8, 4, 8, 6]], "best_paper_score_seen": 420000.0, "best_gap_seen": 0.2386634844868735}