{"run_id": "run-a59f1a48b5", "saved_at": 1775889854.0304625, "generation": 112, "config": {"network_file": "TLN.inp", "algorithm": "standard", "population_size": 40, "max_generations": 112, "local_search_intensity": 0.8, "seed": 42, "strict_objective_for_optimization": true, "strict_check_full_population_each_gen": true, "repair_mode": "first_generation", "strict_population_scan_mode": "hybrid", "strict_population_scan_top_k": 8, "strict_population_full_scan_interval": 5}, "population": [[10, 8, 8, 0, 8, 4, 8, 6], [10, 8, 8, 0, 8, 4, 8, 6], [10, 8, 8, 0, 8, 2, 8, 6], [10, 8, 8, 0, 8, 4, 8, 6], [11, 8, 8, 0, 8, 4, 8, 6], [11, 8, 8, 0, 7, 4, 8, 6], [10, 8, 8, 0, 8, 4, 9, 6], [10, 8, 8, 0, 9, 4, 8, 6], [10, 8, 8, 0, 8, 2, 8, 6], [10, 8, 8, 0, 8, 4, 8, 6], [10, 9, 8, 0, 8, 4, 8, 6], [10, 8, 8, 0, 8, 4, 8, 6], [8, 8, 8, 0, 8, 4, 8, 6], [10, 8, 8, 0, 10, 4, 8, 6], [10, 8, 8, 0, 8, 4, 8, 7], [10, 8, 6, 0, 8, 4, 8, 6], [10, 8, 8, 0, 8, 4, 8, 6], [10, 8, 8, 0, 8, 4, 8, 6], [10, 8, 8, 0, 8, 4, 8, 6], [10, 8, 8, 0, 8, 4, 8, 6], [10, 8, 8, 0, 8, 4, 8, 6], [10, 8, 8, 0, 8, 4, 8, 6], [10, 8, 8, 0, 8, 4, 8, 6], [10, 8, 9, 0, 9, 4, 8, 6], [10, 8, 8, 0, 8, 4, 8, 6], [10, 8, 8, 0, 8, 4, 8, 6], [10, 8, 8, 0, 8, 4, 8, 6], [10, 8, 8, 0, 8, 4, 8, 6], [10, 8, 8, 0, 9, 4, 8, 6], [10, 8, 8, 0, 8, 4, 8, 6], [10, 8, 8, 0, 8, 4, 7, 6], [10, 8, 8, 0, 8, 4, 8, 6], [10, 8, 8, 0, 8, 4, 8, 6], [10, 8, 8, 0, 8, 4, 8, 6], [10, 8, 8, 0, 8, 4, 8, 5], [10, 9, 8, 0, 8, 4, 8, 6], [10, 8, 8, 0, 8, 3, 8, 6], [10, 8, 8, 0, 8, 4, 8, 6], [10, 8, 8, 0, 8, 4, 8, 6], [11, 8, 8, 0, 8, 4, 8, 6]], "best_paper_score_seen": 420000.0, "best_gap_seen": 0.2386634844868735}