{"run_id": "run-20f9518f0f", "saved_at": 1778312846.1507103, "generation": 130, "config": {"network_file": "TLN.inp", "algorithm": "standard", "population_size": 40, "max_generations": 130, "local_search_intensity": 0.8, "seed": 45, "strict_objective_for_optimization": true, "strict_check_full_population_each_gen": true, "repair_mode": "first_generation", "strict_population_scan_mode": "hybrid", "strict_population_scan_top_k": 8, "strict_population_full_scan_interval": 5}, "population": [[10, 6, 10, 4, 9, 8, 0, 5], [13, 6, 10, 4, 9, 8, 0, 5], [10, 6, 11, 4, 9, 8, 0, 5], [10, 6, 10, 4, 9, 8, 0, 4], [10, 6, 10, 4, 9, 8, 0, 5], [10, 6, 10, 4, 9, 8, 0, 5], [10, 6, 10, 4, 9, 8, 0, 5], [10, 6, 10, 4, 9, 8, 0, 5], [10, 6, 10, 4, 9, 8, 0, 5], [9, 6, 10, 5, 9, 8, 0, 5], [10, 6, 10, 4, 11, 8, 0, 5], [10, 6, 10, 4, 9, 8, 0, 5], [10, 8, 10, 4, 9, 8, 0, 5], [10, 6, 10, 4, 9, 8, 0, 5], [10, 6, 10, 4, 8, 8, 0, 5], [10, 6, 10, 4, 13, 8, 0, 5], [10, 6, 10, 4, 9, 8, 0, 5], [10, 6, 10, 4, 9, 8, 0, 5], [10, 6, 10, 4, 9, 8, 0, 5], [10, 6, 10, 4, 9, 8, 0, 5], [10, 6, 10, 4, 9, 8, 0, 5], [10, 6, 10, 4, 9, 8, 0, 5], [10, 6, 10, 4, 9, 8, 0, 5], [10, 6, 10, 4, 9, 8, 0, 5], [10, 6, 9, 4, 9, 8, 0, 5], [10, 6, 10, 4, 8, 9, 0, 5], [10, 6, 10, 4, 9, 8, 0, 5], [10, 6, 10, 4, 9, 8, 0, 5], [10, 6, 10, 4, 9, 8, 0, 5], [10, 6, 10, 4, 9, 8, 0, 5], [10, 6, 10, 4, 9, 8, 0, 5], [10, 7, 10, 4, 9, 8, 0, 5], [10, 6, 10, 4, 9, 8, 0, 5], [10, 6, 10, 4, 12, 8, 0, 5], [10, 6, 10, 4, 9, 8, 0, 5], [10, 6, 10, 4, 9, 8, 0, 5], [10, 6, 10, 4, 9, 8, 0, 5], [10, 6, 10, 4, 9, 8, 0, 5], [10, 6, 10, 4, 9, 8, 0, 5], [10, 6, 10, 4, 9, 8, 0, 5]], "best_paper_score_seen": 425000.0, "best_gap_seen": 1.431980906921241}