{"run_id": "run-a42afecef3", "saved_at": 1775912297.7110977, "generation": 130, "config": {"network_file": "TLN.inp", "algorithm": "memetic", "population_size": 40, "max_generations": 130, "local_search_intensity": 0.8, "seed": 44, "strict_objective_for_optimization": true, "strict_check_full_population_each_gen": true, "repair_mode": "first_generation", "strict_population_scan_mode": "hybrid", "strict_population_scan_top_k": 8, "strict_population_full_scan_interval": 5}, "population": [[10, 5, 10, 8, 8, 3, 0, 6], [10, 5, 10, 8, 8, 3, 0, 6], [10, 5, 10, 8, 8, 3, 0, 6], [10, 5, 10, 8, 8, 3, 0, 6], [10, 5, 10, 8, 8, 3, 0, 6], [10, 5, 10, 8, 8, 3, 0, 7], [10, 5, 10, 8, 8, 3, 0, 6], [10, 5, 10, 8, 8, 3, 0, 6], [10, 5, 10, 8, 8, 3, 0, 6], [10, 5, 10, 8, 8, 3, 0, 6], [10, 5, 10, 8, 8, 3, 0, 6], [10, 5, 10, 8, 8, 3, 0, 6], [10, 5, 10, 8, 8, 3, 0, 6], [10, 5, 10, 8, 8, 3, 0, 6], [10, 5, 10, 8, 8, 3, 0, 5], [10, 5, 10, 8, 8, 3, 0, 6], [10, 5, 10, 8, 8, 3, 0, 6], [11, 5, 9, 8, 8, 1, 0, 7], [10, 5, 11, 7, 8, 5, 0, 5], [10, 5, 10, 8, 8, 3, 0, 6], [10, 5, 10, 8, 8, 3, 0, 6], [10, 5, 10, 8, 8, 3, 0, 6], [10, 5, 10, 8, 8, 3, 0, 6], [10, 3, 8, 8, 8, 3, 0, 6], [10, 5, 10, 8, 8, 3, 0, 6], [10, 5, 10, 8, 8, 3, 0, 6], [12, 4, 10, 8, 7, 1, 0, 6], [10, 5, 10, 8, 8, 3, 0, 6], [10, 5, 10, 8, 8, 3, 0, 6], [10, 5, 10, 7, 8, 3, 0, 6], [10, 5, 10, 8, 8, 3, 0, 6], [10, 5, 10, 8, 8, 3, 0, 6], [10, 5, 10, 8, 8, 3, 0, 6], [10, 5, 10, 8, 8, 3, 0, 6], [10, 5, 10, 8, 8, 3, 0, 6], [10, 5, 10, 8, 8, 3, 0, 6], [10, 5, 10, 8, 8, 3, 0, 6], [10, 5, 10, 8, 8, 3, 0, 6], [10, 5, 10, 8, 8, 3, 0, 6], [10, 5, 10, 8, 8, 3, 0, 6]], "best_paper_score_seen": 448000.0, "best_gap_seen": 6.921241050119332}