{"run_id": "run-69aaf4d90b", "saved_at": 1775842073.19948, "generation": 129, "config": {"network_file": "TLN.inp", "algorithm": "memetic", "population_size": 40, "max_generations": 250, "local_search_intensity": 0.8, "seed": 51, "strict_objective_for_optimization": true, "strict_check_full_population_each_gen": true, "repair_mode": "first_generation"}, "population": [[10, 8, 8, 0, 8, 0, 8, 7], [10, 8, 8, 0, 8, 0, 8, 7], [10, 8, 8, 0, 8, 0, 8, 7], [10, 8, 8, 0, 8, 0, 8, 7], [10, 8, 8, 0, 8, 0, 8, 7], [10, 8, 8, 0, 11, 0, 8, 7], [10, 8, 8, 0, 8, 0, 8, 3], [10, 9, 8, 0, 8, 0, 8, 6], [10, 8, 8, 0, 8, 0, 8, 7], [10, 8, 8, 0, 8, 0, 8, 7], [11, 8, 7, 0, 9, 0, 8, 7], [10, 8, 8, 0, 8, 0, 8, 7], [10, 8, 8, 0, 8, 0, 8, 7], [10, 8, 8, 0, 8, 0, 8, 7], [10, 8, 8, 0, 8, 0, 8, 7], [10, 8, 8, 0, 8, 0, 8, 7], [10, 8, 8, 0, 8, 0, 8, 7], [10, 8, 8, 0, 8, 0, 8, 7], [10, 8, 8, 0, 8, 0, 8, 7], [10, 8, 8, 0, 8, 0, 8, 7], [10, 8, 8, 0, 8, 0, 8, 7], [10, 8, 8, 0, 8, 0, 8, 7], [9, 8, 8, 0, 8, 0, 8, 7], [10, 8, 8, 0, 8, 0, 8, 7], [10, 8, 8, 0, 8, 0, 8, 7], [10, 8, 8, 0, 8, 0, 9, 7], [10, 8, 8, 1, 8, 0, 8, 7], [10, 6, 8, 0, 8, 0, 8, 7], [10, 8, 8, 0, 8, 0, 8, 7], [11, 8, 8, 0, 8, 0, 8, 7], [10, 8, 8, 0, 5, 0, 8, 7], [10, 9, 8, 0, 8, 0, 8, 7], [10, 8, 8, 0, 8, 0, 8, 7], [10, 8, 8, 0, 8, 0, 8, 7], [10, 8, 8, 0, 8, 0, 8, 7], [10, 8, 8, 0, 8, 0, 8, 7], [10, 8, 8, 0, 8, 0, 8, 7], [10, 8, 8, 0, 8, 0, 8, 7], [10, 8, 8, 0, 8, 0, 8, 7], [10, 8, 8, 0, 8, 0, 8, 7]], "best_paper_score_seen": 424000.0, "best_gap_seen": 1.1933174224343674}