{"run_id": "run-e03a282eb5", "saved_at": 1775912257.6292717, "generation": 130, "config": {"network_file": "TLN.inp", "algorithm": "memetic", "population_size": 40, "max_generations": 130, "local_search_intensity": 0.8, "seed": 43, "strict_objective_for_optimization": true, "strict_check_full_population_each_gen": true, "repair_mode": "first_generation", "strict_population_scan_mode": "hybrid", "strict_population_scan_top_k": 8, "strict_population_full_scan_interval": 5}, "population": [[10, 8, 8, 0, 8, 0, 8, 7], [10, 8, 8, 0, 8, 0, 8, 7], [10, 8, 8, 0, 8, 0, 8, 7], [11, 8, 8, 0, 7, 0, 8, 7], [9, 10, 10, 2, 9, 0, 8, 8], [10, 8, 8, 0, 8, 0, 8, 7], [10, 8, 8, 0, 8, 0, 8, 7], [10, 8, 7, 0, 8, 0, 8, 7], [10, 8, 8, 0, 8, 0, 8, 7], [10, 8, 8, 0, 8, 0, 8, 7], [10, 8, 8, 0, 8, 0, 8, 7], [10, 8, 8, 0, 8, 0, 8, 7], [10, 8, 8, 0, 8, 0, 8, 7], [10, 8, 8, 0, 8, 0, 8, 7], [10, 8, 8, 0, 8, 0, 8, 7], [10, 8, 8, 0, 8, 0, 8, 7], [10, 8, 8, 0, 8, 0, 8, 7], [10, 8, 8, 0, 8, 0, 8, 7], [10, 8, 8, 0, 8, 0, 8, 7], [10, 8, 8, 0, 8, 0, 8, 7], [10, 8, 8, 0, 8, 0, 8, 7], [10, 8, 8, 0, 8, 0, 8, 7], [10, 8, 8, 0, 8, 0, 8, 7], [10, 8, 9, 0, 7, 0, 8, 7], [10, 8, 8, 0, 8, 0, 8, 7], [10, 8, 8, 0, 8, 0, 8, 7], [10, 8, 8, 0, 8, 0, 8, 7], [10, 8, 9, 0, 8, 0, 8, 7], [10, 8, 8, 0, 8, 0, 8, 7], [10, 8, 8, 0, 8, 0, 8, 7], [10, 8, 8, 0, 8, 0, 8, 7], [12, 8, 8, 0, 8, 0, 8, 7], [10, 8, 8, 0, 8, 0, 8, 7], [10, 8, 8, 0, 8, 0, 8, 7], [10, 8, 8, 0, 8, 0, 8, 7], [11, 8, 8, 0, 8, 0, 8, 7], [10, 8, 8, 3, 8, 0, 8, 7], [10, 8, 8, 0, 8, 0, 8, 7], [10, 8, 8, 0, 8, 0, 8, 7], [10, 8, 8, 0, 8, 0, 8, 7]], "best_paper_score_seen": 424000.0, "best_gap_seen": 1.1933174224343674}