{"run_id": "run-072e47d41c", "saved_at": 1778312868.0553265, "generation": 130, "config": {"network_file": "TLN.inp", "algorithm": "standard", "population_size": 40, "max_generations": 130, "local_search_intensity": 0.8, "seed": 42, "strict_objective_for_optimization": true, "strict_check_full_population_each_gen": true, "repair_mode": "first_generation", "strict_population_scan_mode": "hybrid", "strict_population_scan_top_k": 8, "strict_population_full_scan_interval": 5}, "population": [[9, 4, 12, 3, 6, 2, 5, 1], [9, 4, 13, 1, 6, 2, 5, 1], [9, 4, 12, 3, 6, 2, 5, 1], [9, 4, 12, 3, 6, 2, 5, 3], [9, 4, 12, 3, 6, 2, 5, 1], [9, 4, 12, 3, 6, 2, 5, 1], [9, 4, 10, 0, 6, 2, 5, 1], [9, 4, 12, 3, 6, 2, 5, 1], [10, 4, 12, 3, 6, 2, 5, 1], [9, 4, 12, 3, 6, 2, 5, 1], [9, 4, 12, 3, 6, 2, 5, 1], [9, 4, 12, 3, 6, 2, 5, 1], [9, 4, 12, 3, 7, 2, 5, 0], [9, 4, 12, 3, 6, 2, 5, 1], [9, 4, 12, 3, 6, 2, 5, 1], [9, 6, 12, 3, 6, 2, 5, 1], [9, 4, 12, 3, 6, 2, 5, 1], [9, 4, 12, 3, 6, 2, 5, 1], [9, 4, 12, 3, 6, 2, 5, 1], [9, 4, 12, 1, 6, 2, 5, 1], [9, 4, 12, 3, 6, 2, 7, 1], [9, 4, 12, 3, 6, 2, 5, 1], [9, 4, 12, 3, 6, 2, 5, 1], [9, 4, 12, 3, 4, 2, 5, 1], [9, 4, 12, 3, 6, 2, 5, 1], [9, 4, 12, 3, 6, 2, 5, 1], [9, 4, 12, 3, 4, 2, 5, 1], [8, 4, 12, 3, 6, 2, 5, 3], [9, 4, 12, 3, 6, 2, 5, 1], [9, 4, 12, 3, 6, 2, 5, 1], [9, 4, 13, 3, 6, 2, 5, 1], [9, 4, 12, 3, 6, 2, 5, 1], [7, 5, 12, 3, 6, 2, 5, 2], [9, 4, 12, 3, 6, 2, 5, 1], [9, 4, 12, 3, 6, 2, 5, 0], [9, 4, 12, 3, 6, 2, 5, 1], [9, 4, 12, 3, 6, 2, 5, 1], [9, 4, 12, 3, 9, 2, 5, 1], [9, 4, 12, 3, 6, 2, 5, 1], [9, 4, 12, 3, 6, 2, 4, 1]], "best_paper_score_seen": 438000.0, "best_gap_seen": 4.534606205250597}