{"run_id": "run-2537e2a3b5", "saved_at": 1778312660.2783885, "generation": 130, "config": {"network_file": "TLN.inp", "algorithm": "standard", "population_size": 40, "max_generations": 130, "local_search_intensity": 0.8, "seed": 56, "strict_objective_for_optimization": true, "strict_check_full_population_each_gen": true, "repair_mode": "first_generation", "strict_population_scan_mode": "hybrid", "strict_population_scan_top_k": 8, "strict_population_full_scan_interval": 5}, "population": [[10, 8, 9, 6, 8, 0, 6, 7], [10, 8, 9, 6, 8, 0, 6, 7], [10, 8, 9, 6, 8, 0, 6, 7], [10, 8, 9, 6, 8, 0, 6, 7], [10, 8, 9, 6, 6, 0, 6, 7], [10, 8, 9, 6, 8, 0, 6, 7], [10, 8, 9, 6, 8, 0, 6, 7], [10, 8, 9, 6, 8, 0, 6, 7], [10, 8, 9, 6, 8, 0, 6, 7], [10, 8, 7, 6, 8, 0, 6, 7], [10, 8, 9, 6, 8, 0, 6, 7], [10, 8, 9, 6, 8, 0, 6, 7], [10, 8, 8, 6, 8, 0, 6, 7], [10, 8, 9, 6, 8, 0, 6, 7], [10, 8, 9, 6, 8, 0, 6, 7], [10, 8, 9, 6, 8, 0, 6, 7], [10, 8, 9, 6, 8, 0, 10, 8], [10, 8, 9, 6, 8, 0, 6, 7], [10, 8, 9, 6, 8, 0, 6, 7], [10, 8, 9, 6, 8, 0, 6, 7], [10, 8, 9, 6, 8, 0, 6, 7], [10, 8, 9, 6, 8, 0, 6, 7], [10, 8, 9, 6, 8, 0, 6, 7], [10, 8, 9, 6, 8, 0, 6, 7], [10, 8, 9, 6, 8, 0, 6, 7], [10, 8, 9, 6, 8, 0, 5, 7], [10, 8, 9, 6, 5, 0, 6, 7], [10, 9, 9, 6, 8, 0, 6, 7], [10, 8, 9, 6, 8, 0, 6, 7], [10, 8, 9, 6, 8, 0, 6, 7], [10, 8, 9, 5, 8, 0, 6, 7], [10, 8, 9, 6, 8, 0, 6, 7], [10, 8, 9, 6, 8, 0, 6, 7], [9, 8, 9, 6, 8, 0, 6, 7], [11, 8, 9, 6, 8, 0, 6, 7], [10, 8, 9, 6, 8, 0, 6, 7], [10, 8, 9, 6, 8, 0, 6, 7], [10, 8, 9, 6, 8, 0, 6, 7], [10, 8, 9, 6, 8, 0, 6, 7], [10, 8, 9, 6, 8, 0, 6, 7]], "best_paper_score_seen": 456000.0, "best_gap_seen": 8.83054892601432}