{"run_id": "run-740bd8e8de", "saved_at": 1778312834.6852717, "generation": 130, "config": {"network_file": "TLN.inp", "algorithm": "standard", "population_size": 40, "max_generations": 130, "local_search_intensity": 0.8, "seed": 50, "strict_objective_for_optimization": true, "strict_check_full_population_each_gen": true, "repair_mode": "first_generation", "strict_population_scan_mode": "hybrid", "strict_population_scan_top_k": 8, "strict_population_full_scan_interval": 5}, "population": [[10, 3, 4, 8, 9, 0, 0, 7], [10, 3, 4, 8, 9, 0, 0, 7], [10, 3, 4, 8, 9, 0, 0, 7], [10, 3, 4, 8, 9, 0, 0, 7], [10, 3, 4, 8, 9, 0, 0, 7], [10, 6, 4, 8, 9, 0, 0, 7], [12, 3, 4, 8, 9, 0, 0, 7], [10, 3, 4, 8, 9, 0, 0, 7], [10, 3, 4, 8, 9, 0, 0, 7], [10, 3, 4, 8, 9, 0, 0, 7], [10, 3, 3, 8, 9, 0, 0, 7], [10, 3, 4, 8, 9, 0, 0, 7], [10, 3, 4, 8, 9, 0, 0, 7], [10, 3, 4, 8, 9, 0, 0, 7], [10, 3, 4, 8, 9, 0, 0, 7], [10, 3, 4, 8, 9, 0, 0, 8], [10, 3, 4, 8, 9, 0, 0, 7], [10, 3, 4, 8, 9, 0, 0, 7], [10, 3, 4, 8, 8, 0, 0, 7], [10, 3, 4, 8, 9, 0, 0, 8], [10, 3, 4, 8, 9, 0, 0, 7], [10, 3, 4, 8, 9, 0, 0, 7], [10, 3, 4, 8, 9, 0, 0, 7], [10, 3, 4, 8, 9, 0, 0, 7], [9, 3, 4, 8, 9, 0, 0, 7], [10, 3, 4, 8, 9, 0, 0, 7], [10, 3, 4, 8, 9, 0, 0, 7], [10, 3, 4, 8, 9, 0, 0, 7], [10, 3, 4, 8, 9, 0, 0, 7], [10, 3, 4, 8, 9, 0, 0, 7], [10, 3, 4, 8, 9, 0, 0, 7], [10, 3, 4, 8, 9, 0, 0, 7], [10, 3, 4, 8, 9, 0, 0, 7], [10, 3, 4, 8, 9, 0, 1, 7], [10, 3, 4, 8, 9, 0, 0, 7], [10, 3, 4, 8, 9, 0, 0, 7], [10, 3, 4, 8, 9, 0, 0, 7], [10, 3, 4, 8, 9, 0, 0, 7], [10, 3, 4, 8, 9, 0, 0, 7], [10, 2, 4, 8, 9, 0, 0, 7]], "best_paper_score_seen": 303000.0, "best_gap_seen": -27.684964200477328}