{"run_id": "run-aff95d021b", "saved_at": 1775842073.5264769, "generation": 114, "config": {"network_file": "TLN.inp", "algorithm": "memetic", "population_size": 40, "max_generations": 250, "local_search_intensity": 0.8, "seed": 46, "strict_objective_for_optimization": true, "strict_check_full_population_each_gen": true, "repair_mode": "first_generation"}, "population": [[5, 0, 10, 3, 4, 6, 2, 3], [5, 0, 10, 3, 4, 6, 2, 3], [5, 0, 10, 3, 4, 6, 2, 3], [5, 0, 10, 3, 4, 6, 2, 1], [7, 2, 13, 5, 6, 8, 4, 5], [5, 0, 10, 3, 4, 6, 2, 3], [5, 0, 8, 3, 4, 6, 4, 3], [6, 0, 10, 2, 4, 6, 2, 3], [5, 0, 10, 3, 4, 6, 2, 3], [13, 2, 12, 5, 6, 8, 10, 10], [7, 2, 12, 10, 6, 10, 4, 5], [4, 0, 10, 3, 7, 6, 2, 3], [5, 0, 11, 3, 4, 6, 2, 3], [5, 0, 10, 2, 4, 6, 2, 3], [5, 0, 10, 3, 4, 6, 2, 3], [7, 4, 13, 6, 8, 8, 2, 7], [9, 2, 12, 5, 6, 10, 6, 5], [7, 2, 12, 5, 5, 8, 4, 5], [5, 0, 10, 3, 4, 6, 2, 3], [5, 0, 10, 3, 4, 6, 2, 3], [8, 2, 12, 5, 6, 8, 4, 5], [5, 0, 10, 3, 4, 6, 2, 3], [5, 0, 10, 3, 4, 6, 2, 3], [6, 0, 10, 3, 4, 6, 1, 3], [5, 0, 10, 3, 4, 6, 2, 4], [5, 0, 10, 3, 4, 6, 2, 3], [5, 0, 10, 3, 4, 6, 2, 3], [5, 0, 10, 3, 4, 6, 2, 3], [5, 0, 10, 3, 4, 6, 2, 3], [6, 0, 10, 3, 4, 6, 2, 3], [5, 0, 10, 3, 4, 5, 2, 3], [5, 0, 10, 3, 4, 6, 2, 3], [5, 0, 10, 3, 4, 6, 2, 3], [5, 0, 10, 3, 4, 6, 2, 3], [5, 0, 10, 3, 5, 6, 2, 3], [6, 0, 11, 3, 4, 6, 2, 3], [5, 0, 10, 3, 4, 6, 2, 3], [5, 0, 10, 3, 4, 6, 2, 3], [9, 2, 12, 5, 6, 8, 4, 5], [5, 0, 10, 3, 4, 6, 2, 3]], "best_paper_score_seen": 441000.0, "best_gap_seen": 5.250596658711217}