{"run_id": "run-046cd68c44", "saved_at": 1778312661.3446462, "generation": 130, "config": {"network_file": "TLN.inp", "algorithm": "standard", "population_size": 40, "max_generations": 130, "local_search_intensity": 0.8, "seed": 51, "strict_objective_for_optimization": true, "strict_check_full_population_each_gen": true, "repair_mode": "first_generation", "strict_population_scan_mode": "hybrid", "strict_population_scan_top_k": 8, "strict_population_full_scan_interval": 5}, "population": [[8, 9, 9, 7, 2, 8, 9, 9], [8, 9, 9, 7, 2, 8, 10, 9], [8, 9, 9, 7, 2, 8, 9, 9], [8, 9, 9, 7, 2, 8, 9, 9], [8, 9, 9, 7, 2, 8, 9, 9], [8, 9, 9, 7, 2, 8, 9, 9], [8, 9, 9, 7, 2, 8, 9, 9], [8, 9, 9, 6, 2, 8, 9, 9], [8, 9, 9, 7, 2, 8, 9, 9], [8, 9, 10, 7, 2, 8, 9, 8], [8, 9, 9, 7, 2, 8, 9, 9], [8, 9, 9, 7, 2, 8, 9, 10], [8, 9, 9, 7, 2, 8, 9, 9], [8, 9, 9, 7, 2, 8, 9, 10], [8, 9, 9, 7, 2, 8, 9, 9], [8, 9, 9, 7, 2, 8, 9, 9], [8, 9, 9, 7, 2, 8, 9, 9], [8, 9, 9, 7, 2, 8, 9, 9], [8, 9, 9, 7, 2, 8, 9, 9], [8, 9, 9, 4, 2, 8, 9, 9], [8, 9, 9, 7, 2, 8, 9, 9], [8, 9, 9, 7, 2, 8, 9, 9], [8, 9, 9, 7, 2, 8, 9, 9], [8, 9, 9, 7, 2, 8, 9, 9], [8, 9, 9, 7, 2, 8, 9, 9], [8, 9, 9, 7, 2, 8, 9, 9], [8, 9, 9, 7, 2, 8, 9, 9], [8, 9, 9, 7, 2, 8, 8, 9], [8, 9, 9, 7, 2, 8, 9, 9], [8, 8, 9, 7, 2, 8, 10, 9], [7, 9, 9, 7, 2, 8, 9, 9], [8, 9, 9, 7, 2, 8, 9, 9], [8, 9, 9, 7, 2, 8, 9, 9], [8, 9, 9, 7, 2, 8, 9, 9], [8, 9, 9, 7, 2, 8, 9, 9], [8, 9, 9, 7, 2, 8, 9, 9], [8, 9, 9, 7, 2, 8, 9, 9], [8, 9, 9, 7, 2, 8, 9, 9], [8, 9, 9, 7, 2, 8, 10, 9], [8, 9, 9, 7, 2, 8, 9, 9]], "best_paper_score_seen": 508000.0, "best_gap_seen": 21.241050119331742}