{"run_id": "run-8600725487", "saved_at": 1778312638.1287174, "generation": 130, "config": {"network_file": "TLN.inp", "algorithm": "standard", "population_size": 40, "max_generations": 130, "local_search_intensity": 0.8, "seed": 48, "strict_objective_for_optimization": true, "strict_check_full_population_each_gen": true, "repair_mode": "first_generation", "strict_population_scan_mode": "hybrid", "strict_population_scan_top_k": 8, "strict_population_full_scan_interval": 5}, "population": [[10, 9, 8, 6, 9, 8, 6, 0], [11, 9, 8, 6, 9, 8, 6, 0], [10, 9, 8, 6, 9, 8, 6, 0], [10, 9, 8, 6, 9, 8, 4, 0], [10, 9, 8, 6, 9, 8, 6, 2], [10, 9, 8, 6, 9, 8, 6, 0], [10, 9, 8, 6, 9, 8, 6, 0], [10, 9, 8, 6, 9, 8, 6, 0], [10, 9, 8, 6, 9, 8, 6, 1], [10, 9, 8, 6, 9, 8, 6, 0], [10, 9, 8, 6, 9, 8, 6, 0], [10, 9, 8, 6, 9, 8, 6, 0], [10, 9, 8, 6, 9, 8, 6, 0], [10, 9, 8, 6, 9, 8, 6, 0], [10, 9, 8, 6, 9, 8, 6, 0], [10, 9, 8, 6, 9, 8, 6, 0], [10, 9, 8, 6, 9, 8, 6, 0], [10, 9, 8, 6, 9, 8, 6, 0], [10, 9, 8, 6, 9, 8, 6, 0], [10, 9, 8, 6, 9, 8, 6, 0], [10, 9, 8, 6, 9, 8, 6, 0], [10, 9, 8, 6, 9, 8, 6, 0], [10, 9, 8, 6, 9, 8, 6, 0], [10, 9, 8, 6, 9, 8, 6, 0], [10, 9, 8, 6, 9, 8, 6, 0], [10, 9, 8, 6, 9, 8, 6, 0], [10, 9, 8, 6, 9, 8, 6, 0], [10, 9, 8, 6, 9, 8, 6, 0], [10, 9, 8, 5, 9, 8, 6, 0], [10, 9, 8, 6, 9, 8, 6, 0], [10, 9, 8, 6, 9, 8, 6, 0], [10, 9, 8, 6, 9, 8, 6, 0], [10, 9, 8, 6, 9, 8, 6, 0], [10, 9, 8, 6, 9, 8, 6, 0], [10, 9, 8, 6, 10, 8, 6, 0], [10, 9, 8, 6, 9, 8, 6, 0], [10, 9, 8, 6, 10, 8, 6, 0], [10, 9, 8, 6, 9, 8, 6, 0], [10, 9, 8, 6, 9, 8, 6, 0], [10, 9, 10, 6, 9, 8, 6, 0]], "best_paper_score_seen": 400000.0, "best_gap_seen": -4.534606205250597}