{"run_id": "run-885e10e5fb", "saved_at": 1778312672.4543753, "generation": 130, "config": {"network_file": "TLN.inp", "algorithm": "standard", "population_size": 40, "max_generations": 130, "local_search_intensity": 0.8, "seed": 43, "strict_objective_for_optimization": true, "strict_check_full_population_each_gen": true, "repair_mode": "first_generation", "strict_population_scan_mode": "hybrid", "strict_population_scan_top_k": 8, "strict_population_full_scan_interval": 5}, "population": [[9, 5, 10, 6, 6, 5, 1, 6], [9, 4, 10, 6, 6, 5, 1, 6], [9, 5, 10, 6, 6, 5, 1, 6], [9, 5, 10, 6, 6, 5, 1, 6], [9, 5, 10, 6, 6, 5, 1, 8], [9, 5, 10, 6, 6, 5, 1, 6], [9, 5, 10, 7, 6, 5, 1, 7], [9, 5, 10, 6, 6, 5, 1, 6], [9, 5, 10, 6, 6, 5, 1, 6], [10, 5, 10, 6, 6, 5, 1, 4], [7, 5, 10, 6, 6, 5, 1, 7], [9, 5, 10, 6, 6, 5, 1, 6], [9, 5, 10, 6, 6, 5, 1, 6], [9, 5, 10, 6, 6, 5, 1, 6], [9, 5, 10, 6, 6, 5, 1, 6], [9, 5, 10, 6, 6, 5, 1, 6], [9, 5, 10, 6, 6, 5, 1, 6], [9, 5, 10, 6, 6, 5, 1, 6], [9, 5, 10, 6, 6, 5, 1, 6], [9, 5, 10, 6, 6, 5, 0, 6], [9, 5, 10, 6, 6, 5, 1, 6], [9, 6, 10, 6, 6, 5, 1, 6], [9, 5, 10, 6, 6, 5, 1, 6], [9, 5, 10, 6, 6, 5, 1, 6], [9, 5, 10, 6, 6, 5, 1, 6], [9, 5, 10, 7, 6, 5, 1, 9], [9, 5, 10, 6, 6, 5, 2, 6], [9, 5, 10, 6, 6, 5, 1, 6], [9, 5, 10, 6, 6, 5, 1, 6], [9, 6, 10, 6, 6, 5, 1, 6], [9, 5, 10, 6, 6, 5, 1, 6], [9, 5, 10, 6, 6, 6, 1, 6], [9, 5, 10, 6, 6, 5, 1, 6], [9, 5, 10, 6, 6, 5, 1, 6], [9, 5, 10, 6, 6, 5, 1, 6], [9, 5, 10, 6, 6, 5, 1, 6], [9, 5, 10, 6, 6, 5, 1, 6], [9, 5, 10, 6, 6, 5, 1, 6], [9, 5, 10, 6, 6, 5, 1, 6], [9, 5, 9, 6, 4, 5, 1, 6]], "best_paper_score_seen": 342000.0, "best_gap_seen": -18.37708830548926}