{"run_id": "run-ba5283b265", "saved_at": 1778312863.0852137, "generation": 130, "config": {"network_file": "TLN.inp", "algorithm": "standard", "population_size": 40, "max_generations": 130, "local_search_intensity": 0.8, "seed": 58, "strict_objective_for_optimization": true, "strict_check_full_population_each_gen": true, "repair_mode": "first_generation", "strict_population_scan_mode": "hybrid", "strict_population_scan_top_k": 8, "strict_population_full_scan_interval": 5}, "population": [[9, 4, 10, 10, 7, 4, 7, 6], [7, 4, 10, 10, 7, 4, 7, 6], [9, 4, 10, 10, 7, 4, 7, 6], [9, 4, 10, 10, 7, 4, 7, 6], [9, 3, 10, 10, 7, 4, 7, 6], [9, 4, 10, 10, 7, 3, 7, 6], [9, 4, 10, 10, 7, 4, 7, 6], [9, 4, 10, 12, 7, 4, 7, 6], [9, 4, 10, 10, 7, 6, 7, 6], [9, 4, 10, 10, 7, 4, 7, 6], [9, 5, 10, 10, 7, 4, 7, 6], [9, 4, 10, 10, 7, 4, 7, 6], [9, 4, 9, 10, 7, 4, 7, 6], [9, 4, 10, 10, 7, 4, 7, 6], [9, 4, 10, 10, 7, 4, 7, 6], [9, 4, 10, 11, 7, 4, 7, 6], [9, 4, 10, 10, 7, 4, 7, 6], [9, 4, 10, 10, 7, 4, 7, 6], [9, 3, 10, 10, 7, 4, 7, 6], [9, 4, 10, 12, 7, 4, 7, 6], [9, 4, 9, 10, 7, 4, 7, 6], [9, 4, 10, 10, 7, 4, 7, 6], [9, 4, 10, 10, 7, 4, 7, 6], [9, 4, 10, 10, 7, 4, 7, 6], [9, 4, 10, 10, 7, 4, 7, 6], [9, 4, 10, 13, 7, 4, 7, 6], [9, 4, 10, 10, 7, 4, 7, 6], [9, 4, 10, 10, 7, 4, 7, 6], [9, 4, 10, 10, 7, 4, 7, 6], [9, 4, 10, 10, 7, 4, 7, 6], [9, 4, 10, 10, 7, 4, 7, 6], [9, 7, 10, 10, 7, 4, 7, 6], [9, 4, 10, 10, 7, 4, 7, 6], [9, 4, 10, 10, 7, 4, 7, 6], [9, 4, 10, 10, 7, 4, 7, 6], [9, 4, 10, 10, 6, 4, 7, 6], [9, 4, 10, 10, 7, 4, 7, 6], [9, 5, 10, 10, 7, 4, 7, 6], [9, 4, 10, 10, 7, 4, 7, 6], [9, 4, 10, 10, 7, 4, 4, 6]], "best_paper_score_seen": 326000.0, "best_gap_seen": -22.195704057279237}