{"run_id": "run-8e5cc162d1", "saved_at": 1778312671.3242419, "generation": 130, "config": {"network_file": "TLN.inp", "algorithm": "standard", "population_size": 40, "max_generations": 130, "local_search_intensity": 0.8, "seed": 42, "strict_objective_for_optimization": true, "strict_check_full_population_each_gen": true, "repair_mode": "first_generation", "strict_population_scan_mode": "hybrid", "strict_population_scan_top_k": 8, "strict_population_full_scan_interval": 5}, "population": [[6, 1, 10, 7, 8, 3, 9, 5], [6, 1, 11, 5, 8, 3, 9, 5], [6, 1, 10, 7, 8, 3, 9, 5], [6, 1, 10, 7, 8, 3, 9, 7], [6, 1, 10, 7, 8, 3, 9, 5], [6, 1, 10, 7, 8, 3, 9, 5], [6, 1, 8, 4, 8, 3, 9, 5], [6, 1, 10, 7, 8, 3, 9, 5], [7, 1, 10, 7, 8, 3, 9, 5], [6, 1, 10, 7, 8, 3, 9, 5], [6, 1, 10, 7, 8, 3, 9, 5], [6, 1, 10, 7, 8, 3, 9, 5], [6, 1, 10, 7, 9, 3, 9, 3], [6, 1, 10, 7, 8, 3, 9, 5], [6, 1, 10, 7, 8, 3, 9, 5], [6, 3, 10, 7, 8, 3, 9, 5], [6, 1, 10, 7, 8, 3, 9, 5], [6, 1, 10, 7, 8, 3, 9, 5], [6, 1, 10, 7, 8, 3, 9, 5], [6, 1, 10, 5, 8, 3, 9, 5], [6, 1, 10, 7, 8, 3, 11, 5], [6, 1, 10, 7, 8, 3, 9, 5], [6, 1, 10, 7, 8, 3, 9, 5], [6, 1, 10, 7, 8, 3, 9, 5], [6, 1, 10, 7, 8, 2, 9, 5], [6, 1, 10, 7, 8, 3, 9, 5], [6, 1, 10, 7, 6, 3, 9, 5], [5, 1, 10, 7, 8, 3, 9, 7], [6, 1, 10, 7, 8, 3, 9, 5], [6, 1, 10, 7, 8, 3, 9, 5], [6, 1, 12, 7, 8, 3, 9, 5], [6, 1, 10, 7, 8, 3, 9, 5], [4, 2, 10, 7, 8, 3, 9, 6], [6, 1, 10, 7, 8, 3, 9, 5], [6, 1, 10, 7, 8, 3, 9, 3], [6, 1, 10, 7, 8, 3, 9, 5], [6, 1, 10, 7, 8, 3, 9, 5], [6, 1, 10, 7, 11, 3, 9, 5], [6, 1, 10, 7, 8, 3, 9, 5], [6, 1, 10, 7, 8, 3, 8, 5]], "best_paper_score_seen": 389000.0, "best_gap_seen": -7.159904534606206}