{"run_id": "run-0e7510c540", "saved_at": 1778312663.0787072, "generation": 130, "config": {"network_file": "TLN.inp", "algorithm": "standard", "population_size": 40, "max_generations": 130, "local_search_intensity": 0.8, "seed": 53, "strict_objective_for_optimization": true, "strict_check_full_population_each_gen": true, "repair_mode": "first_generation", "strict_population_scan_mode": "hybrid", "strict_population_scan_top_k": 8, "strict_population_full_scan_interval": 5}, "population": [[10, 5, 10, 5, 8, 7, 2, 3], [10, 5, 10, 5, 8, 7, 2, 3], [10, 8, 10, 5, 8, 7, 2, 3], [10, 5, 10, 5, 8, 7, 2, 3], [10, 5, 10, 5, 6, 7, 2, 3], [10, 5, 10, 5, 8, 7, 2, 3], [10, 5, 10, 4, 8, 7, 2, 3], [10, 5, 10, 5, 8, 7, 2, 3], [10, 5, 10, 5, 8, 7, 2, 3], [10, 5, 10, 3, 8, 7, 2, 3], [10, 5, 10, 5, 8, 7, 3, 3], [10, 5, 10, 5, 8, 7, 2, 3], [10, 5, 10, 5, 8, 7, 2, 3], [10, 5, 10, 5, 8, 7, 2, 3], [10, 5, 10, 5, 8, 6, 2, 3], [8, 5, 10, 5, 8, 7, 2, 3], [10, 7, 10, 5, 8, 7, 2, 3], [10, 5, 10, 5, 8, 7, 2, 3], [10, 5, 10, 5, 8, 7, 2, 0], [11, 5, 10, 5, 8, 7, 2, 3], [10, 5, 10, 5, 8, 7, 4, 3], [10, 5, 10, 5, 8, 7, 2, 3], [10, 5, 10, 5, 8, 7, 2, 3], [10, 5, 10, 6, 8, 9, 2, 3], [8, 5, 10, 5, 8, 7, 2, 3], [10, 5, 10, 5, 8, 7, 2, 4], [10, 5, 10, 5, 9, 7, 2, 3], [10, 5, 10, 5, 8, 7, 2, 3], [10, 5, 10, 5, 8, 7, 2, 3], [10, 5, 10, 5, 8, 7, 2, 3], [10, 4, 10, 5, 8, 7, 2, 3], [10, 5, 10, 5, 8, 7, 2, 3], [10, 5, 10, 5, 8, 7, 2, 3], [10, 5, 10, 5, 8, 7, 2, 3], [10, 5, 10, 5, 8, 7, 2, 3], [10, 5, 10, 5, 8, 7, 2, 3], [10, 5, 10, 5, 8, 7, 2, 3], [10, 5, 10, 5, 8, 7, 2, 3], [10, 5, 10, 5, 8, 7, 1, 3], [11, 5, 11, 5, 8, 7, 2, 3]], "best_paper_score_seen": 428000.0, "best_gap_seen": 2.1479713603818618}