{"run_id": "run-b6f9dc32c2", "saved_at": 1778312668.8063257, "generation": 130, "config": {"network_file": "TLN.inp", "algorithm": "standard", "population_size": 40, "max_generations": 130, "local_search_intensity": 0.8, "seed": 49, "strict_objective_for_optimization": true, "strict_check_full_population_each_gen": true, "repair_mode": "first_generation", "strict_population_scan_mode": "hybrid", "strict_population_scan_top_k": 8, "strict_population_full_scan_interval": 5}, "population": [[4, 11, 8, 3, 9, 1, 2, 8], [4, 11, 8, 3, 9, 1, 2, 8], [4, 11, 8, 3, 9, 1, 2, 8], [4, 11, 8, 3, 9, 1, 2, 8], [4, 11, 8, 3, 9, 1, 3, 8], [4, 11, 8, 3, 9, 1, 2, 8], [4, 11, 8, 3, 9, 1, 2, 8], [4, 11, 8, 3, 9, 1, 2, 8], [4, 11, 8, 3, 10, 1, 2, 8], [4, 11, 8, 3, 8, 1, 2, 8], [4, 11, 8, 3, 9, 1, 2, 8], [4, 11, 8, 3, 9, 1, 2, 8], [4, 11, 8, 3, 9, 1, 2, 8], [4, 11, 8, 3, 9, 1, 1, 8], [4, 11, 6, 3, 9, 1, 2, 8], [4, 11, 9, 2, 9, 1, 2, 8], [4, 11, 8, 3, 9, 1, 2, 8], [4, 11, 8, 3, 9, 1, 2, 8], [4, 11, 8, 3, 9, 1, 2, 8], [4, 10, 8, 3, 9, 1, 3, 8], [4, 10, 8, 3, 9, 1, 2, 8], [4, 11, 8, 3, 9, 1, 2, 8], [4, 11, 8, 3, 9, 1, 2, 8], [4, 11, 8, 3, 9, 1, 4, 8], [4, 11, 8, 3, 9, 0, 2, 8], [4, 11, 8, 3, 9, 1, 2, 8], [4, 11, 8, 3, 9, 0, 2, 8], [4, 11, 8, 3, 9, 1, 2, 8], [4, 11, 8, 3, 9, 1, 2, 8], [4, 11, 8, 3, 9, 1, 2, 7], [4, 12, 8, 3, 9, 1, 2, 8], [4, 11, 8, 3, 9, 1, 2, 8], [4, 11, 8, 3, 9, 1, 2, 8], [4, 11, 8, 3, 9, 1, 2, 9], [4, 11, 8, 3, 9, 1, 2, 8], [4, 11, 8, 3, 10, 2, 2, 8], [4, 11, 8, 3, 9, 1, 2, 8], [4, 11, 8, 3, 9, 1, 2, 8], [4, 11, 8, 3, 9, 1, 2, 8], [4, 11, 8, 3, 9, 1, 2, 8]], "best_paper_score_seen": 359000.0, "best_gap_seen": -14.319809069212411}