{"run_id": "run-e39c952fba", "saved_at": 1778312655.1788158, "generation": 130, "config": {"network_file": "TLN.inp", "algorithm": "standard", "population_size": 40, "max_generations": 130, "local_search_intensity": 0.8, "seed": 45, "strict_objective_for_optimization": true, "strict_check_full_population_each_gen": true, "repair_mode": "first_generation", "strict_population_scan_mode": "hybrid", "strict_population_scan_top_k": 8, "strict_population_full_scan_interval": 5}, "population": [[11, 7, 7, 4, 9, 1, 1, 6], [13, 7, 7, 4, 9, 1, 1, 6], [11, 7, 8, 4, 9, 1, 1, 6], [11, 7, 7, 4, 9, 1, 1, 5], [11, 7, 7, 4, 9, 1, 1, 6], [11, 7, 7, 4, 9, 1, 1, 6], [11, 7, 7, 4, 9, 1, 1, 6], [11, 7, 7, 4, 9, 1, 1, 6], [11, 7, 7, 4, 9, 1, 1, 6], [10, 7, 7, 5, 9, 1, 1, 6], [11, 7, 7, 4, 11, 1, 1, 6], [11, 7, 7, 4, 9, 1, 1, 6], [11, 9, 7, 4, 9, 1, 1, 6], [11, 7, 7, 4, 9, 1, 0, 6], [11, 7, 7, 4, 8, 1, 1, 6], [11, 7, 7, 4, 13, 1, 1, 6], [11, 7, 7, 4, 9, 1, 1, 6], [11, 7, 7, 4, 9, 1, 1, 6], [11, 7, 7, 4, 9, 1, 1, 6], [11, 7, 7, 4, 9, 1, 1, 6], [11, 7, 7, 4, 9, 1, 1, 6], [11, 7, 7, 4, 9, 1, 1, 6], [11, 7, 7, 4, 9, 1, 1, 6], [11, 7, 7, 4, 9, 1, 1, 6], [11, 7, 6, 4, 9, 1, 3, 6], [11, 7, 7, 4, 8, 2, 1, 6], [11, 7, 7, 4, 9, 1, 1, 6], [11, 7, 7, 4, 9, 1, 1, 6], [11, 7, 7, 4, 9, 1, 1, 6], [11, 7, 7, 4, 9, 1, 0, 6], [11, 7, 7, 4, 9, 1, 1, 6], [11, 8, 7, 4, 9, 1, 1, 6], [11, 7, 7, 4, 9, 1, 1, 6], [11, 7, 7, 4, 12, 1, 1, 6], [11, 7, 7, 4, 9, 1, 1, 6], [11, 7, 7, 4, 9, 1, 1, 6], [11, 7, 7, 4, 9, 1, 1, 6], [11, 7, 7, 4, 9, 1, 1, 6], [11, 7, 7, 4, 9, 1, 1, 6], [11, 7, 7, 4, 9, 1, 1, 6]], "best_paper_score_seen": 378000.0, "best_gap_seen": -9.785202863961814}