{"run_id": "run-a42afa7a91", "saved_at": 1778312871.31953, "generation": 130, "config": {"network_file": "TLN.inp", "algorithm": "standard", "population_size": 40, "max_generations": 130, "local_search_intensity": 0.8, "seed": 53, "strict_objective_for_optimization": true, "strict_check_full_population_each_gen": true, "repair_mode": "first_generation", "strict_population_scan_mode": "hybrid", "strict_population_scan_top_k": 8, "strict_population_full_scan_interval": 5}, "population": [[8, 8, 10, 0, 5, 4, 6, 10], [8, 8, 10, 0, 5, 4, 6, 10], [8, 11, 10, 0, 5, 4, 6, 10], [8, 8, 10, 0, 5, 4, 6, 10], [8, 8, 10, 0, 3, 4, 6, 10], [8, 8, 10, 0, 5, 4, 6, 10], [8, 8, 10, 0, 5, 4, 6, 10], [8, 8, 10, 0, 5, 4, 6, 10], [8, 8, 10, 0, 5, 4, 6, 10], [8, 8, 10, 0, 5, 4, 6, 10], [8, 8, 10, 0, 5, 4, 7, 10], [8, 8, 10, 0, 5, 4, 6, 10], [8, 8, 10, 0, 5, 4, 6, 10], [8, 8, 10, 0, 5, 4, 6, 10], [8, 8, 10, 0, 5, 3, 6, 10], [6, 8, 10, 0, 5, 4, 6, 10], [8, 10, 10, 0, 5, 4, 6, 10], [8, 8, 10, 0, 5, 4, 6, 10], [8, 8, 10, 0, 5, 4, 6, 7], [9, 8, 10, 0, 5, 4, 6, 10], [8, 8, 10, 0, 5, 4, 8, 10], [8, 8, 10, 0, 5, 4, 6, 10], [8, 8, 10, 0, 5, 4, 6, 10], [8, 8, 10, 1, 5, 6, 6, 10], [6, 8, 10, 0, 5, 4, 6, 10], [8, 8, 10, 0, 5, 4, 6, 11], [8, 8, 10, 0, 6, 4, 6, 10], [8, 8, 10, 0, 5, 4, 6, 10], [8, 8, 10, 0, 5, 4, 6, 10], [8, 8, 10, 0, 5, 4, 6, 10], [8, 7, 10, 0, 5, 4, 6, 10], [8, 8, 10, 0, 5, 4, 6, 10], [8, 8, 10, 0, 5, 4, 6, 10], [8, 8, 10, 0, 5, 4, 6, 10], [8, 8, 10, 0, 5, 4, 6, 10], [8, 8, 10, 0, 5, 4, 6, 10], [8, 8, 10, 0, 5, 4, 6, 10], [8, 8, 10, 0, 5, 4, 6, 10], [8, 8, 10, 0, 5, 4, 5, 10], [9, 8, 11, 0, 5, 4, 6, 10]], "best_paper_score_seen": 379000.0, "best_gap_seen": -9.54653937947494}