{"run_id": "run-db1545e1d6", "saved_at": 1778312859.7072258, "generation": 130, "config": {"network_file": "TLN.inp", "algorithm": "standard", "population_size": 40, "max_generations": 130, "local_search_intensity": 0.8, "seed": 56, "strict_objective_for_optimization": true, "strict_check_full_population_each_gen": true, "repair_mode": "first_generation", "strict_population_scan_mode": "hybrid", "strict_population_scan_top_k": 8, "strict_population_full_scan_interval": 5}, "population": [[6, 12, 6, 2, 6, 0, 7, 0], [6, 12, 6, 2, 6, 0, 7, 0], [6, 12, 6, 2, 6, 0, 7, 0], [6, 12, 6, 2, 6, 0, 7, 0], [6, 12, 6, 2, 4, 0, 7, 0], [6, 12, 6, 2, 6, 0, 7, 0], [6, 12, 6, 2, 6, 0, 7, 0], [6, 12, 6, 2, 6, 0, 7, 0], [6, 12, 6, 2, 6, 0, 7, 0], [6, 12, 4, 2, 6, 0, 7, 0], [6, 12, 6, 2, 6, 0, 7, 0], [6, 12, 6, 2, 6, 0, 7, 0], [6, 12, 5, 2, 6, 0, 7, 0], [6, 12, 6, 2, 6, 0, 7, 0], [6, 12, 6, 2, 6, 0, 7, 0], [6, 12, 6, 2, 6, 0, 7, 0], [6, 12, 6, 2, 6, 0, 11, 1], [6, 12, 6, 2, 6, 0, 7, 0], [6, 12, 6, 2, 6, 0, 7, 0], [6, 12, 6, 2, 6, 0, 7, 0], [6, 12, 6, 2, 6, 0, 7, 0], [6, 12, 6, 2, 6, 0, 7, 0], [6, 12, 6, 2, 6, 0, 7, 0], [6, 12, 6, 2, 6, 0, 7, 0], [6, 12, 6, 2, 6, 0, 7, 0], [6, 12, 6, 2, 6, 0, 6, 0], [6, 12, 6, 2, 3, 0, 7, 0], [6, 13, 6, 2, 6, 0, 7, 0], [6, 12, 6, 2, 6, 0, 7, 0], [6, 12, 6, 2, 6, 0, 7, 0], [6, 12, 6, 1, 6, 0, 7, 0], [6, 12, 6, 2, 6, 0, 7, 0], [6, 12, 6, 2, 6, 0, 7, 0], [5, 12, 6, 2, 6, 0, 7, 0], [7, 12, 6, 2, 6, 0, 7, 0], [6, 12, 6, 2, 6, 0, 7, 0], [6, 12, 6, 2, 6, 0, 7, 0], [6, 12, 6, 2, 6, 0, 7, 0], [6, 12, 6, 2, 6, 0, 7, 0], [6, 12, 6, 2, 6, 0, 7, 0]], "best_paper_score_seen": 458000.0, "best_gap_seen": 9.307875894988067}