{"run_id": "run-54eda5b356", "saved_at": 1775912227.0461998, "generation": 130, "config": {"network_file": "TLN.inp", "algorithm": "memetic", "population_size": 40, "max_generations": 130, "local_search_intensity": 0.8, "seed": 42, "strict_objective_for_optimization": true, "strict_check_full_population_each_gen": true, "repair_mode": "first_generation", "strict_population_scan_mode": "hybrid", "strict_population_scan_top_k": 8, "strict_population_full_scan_interval": 5}, "population": [[10, 5, 10, 8, 8, 3, 0, 6], [10, 5, 10, 8, 8, 4, 0, 6], [10, 5, 10, 8, 8, 3, 0, 6], [10, 5, 10, 8, 8, 3, 0, 6], [10, 5, 10, 8, 8, 3, 0, 6], [10, 5, 10, 8, 8, 3, 0, 6], [10, 5, 10, 8, 8, 3, 0, 6], [10, 5, 10, 7, 8, 3, 0, 6], [10, 5, 11, 8, 8, 3, 0, 6], [10, 5, 10, 8, 8, 3, 0, 6], [10, 5, 10, 8, 8, 3, 0, 6], [10, 5, 10, 8, 8, 3, 0, 6], [10, 5, 10, 8, 8, 3, 0, 6], [10, 5, 10, 8, 8, 3, 0, 6], [10, 5, 10, 8, 8, 3, 0, 4], [10, 5, 10, 8, 8, 3, 0, 6], [10, 5, 10, 9, 8, 3, 0, 6], [10, 5, 10, 8, 8, 3, 0, 6], [10, 5, 10, 8, 8, 3, 0, 6], [10, 5, 10, 8, 8, 3, 0, 6], [10, 5, 10, 8, 8, 3, 0, 6], [10, 5, 10, 8, 8, 3, 0, 6], [10, 5, 10, 8, 8, 3, 0, 6], [10, 5, 10, 8, 8, 3, 0, 6], [10, 5, 10, 6, 8, 3, 0, 6], [10, 5, 10, 8, 7, 3, 0, 6], [10, 5, 10, 8, 8, 3, 0, 6], [10, 5, 10, 8, 8, 3, 0, 6], [10, 5, 10, 8, 8, 3, 0, 6], [10, 5, 10, 8, 8, 3, 0, 6], [10, 5, 10, 8, 8, 3, 0, 6], [10, 5, 10, 8, 8, 3, 0, 6], [11, 5, 10, 8, 7, 1, 0, 6], [10, 7, 10, 8, 8, 3, 0, 6], [10, 5, 10, 8, 8, 3, 0, 6], [10, 5, 10, 8, 8, 3, 0, 6], [10, 5, 10, 8, 8, 3, 0, 6], [10, 5, 10, 7, 8, 3, 0, 6], [10, 5, 10, 8, 8, 3, 0, 6], [10, 5, 10, 8, 8, 3, 0, 6]], "best_paper_score_seen": 448000.0, "best_gap_seen": 6.921241050119332}