{"run_id": "run-9bc5b9c9b4", "saved_at": 1778312860.880797, "generation": 130, "config": {"network_file": "TLN.inp", "algorithm": "standard", "population_size": 40, "max_generations": 130, "local_search_intensity": 0.8, "seed": 47, "strict_objective_for_optimization": true, "strict_check_full_population_each_gen": true, "repair_mode": "first_generation", "strict_population_scan_mode": "hybrid", "strict_population_scan_top_k": 8, "strict_population_full_scan_interval": 5}, "population": [[9, 8, 10, 3, 10, 5, 5, 2], [9, 8, 10, 3, 10, 5, 5, 2], [9, 8, 10, 3, 10, 5, 5, 2], [9, 8, 10, 3, 8, 5, 5, 2], [9, 6, 10, 3, 10, 5, 5, 2], [9, 8, 10, 3, 10, 5, 5, 2], [8, 8, 10, 3, 10, 5, 5, 2], [9, 8, 10, 3, 10, 5, 5, 2], [9, 8, 10, 3, 10, 5, 5, 2], [13, 8, 10, 3, 10, 5, 5, 2], [9, 8, 10, 3, 10, 5, 5, 2], [9, 8, 10, 3, 10, 5, 5, 2], [9, 8, 10, 3, 10, 5, 5, 2], [10, 8, 10, 3, 10, 5, 5, 2], [9, 8, 10, 3, 10, 5, 6, 2], [9, 8, 10, 3, 8, 5, 5, 2], [9, 8, 10, 3, 10, 5, 5, 2], [9, 8, 10, 3, 10, 5, 5, 2], [9, 8, 10, 3, 10, 5, 5, 2], [9, 8, 10, 3, 10, 5, 5, 2], [9, 8, 10, 3, 10, 5, 5, 2], [9, 8, 10, 3, 10, 5, 5, 2], [9, 8, 10, 3, 10, 5, 5, 2], [9, 8, 10, 3, 10, 5, 5, 0], [9, 8, 10, 3, 10, 5, 5, 2], [10, 8, 10, 3, 10, 5, 5, 2], [9, 8, 8, 3, 10, 5, 5, 2], [9, 8, 10, 2, 10, 5, 5, 2], [9, 8, 10, 3, 10, 5, 5, 2], [9, 8, 10, 3, 9, 5, 5, 2], [9, 8, 10, 3, 10, 5, 5, 2], [9, 8, 10, 3, 10, 5, 5, 2], [9, 7, 10, 3, 10, 5, 6, 2], [9, 8, 10, 3, 10, 5, 5, 2], [9, 8, 10, 4, 10, 5, 5, 2], [9, 8, 10, 3, 10, 5, 4, 2], [9, 10, 10, 3, 12, 5, 5, 2], [9, 8, 10, 3, 10, 5, 5, 2], [9, 8, 10, 3, 10, 5, 5, 2], [9, 8, 10, 3, 10, 5, 5, 2]], "best_paper_score_seen": 435000.0, "best_gap_seen": 3.818615751789976}