{"run_id": "run-d126af57d6", "saved_at": 1778312872.368322, "generation": 130, "config": {"network_file": "TLN.inp", "algorithm": "standard", "population_size": 40, "max_generations": 130, "local_search_intensity": 0.8, "seed": 48, "strict_objective_for_optimization": true, "strict_check_full_population_each_gen": true, "repair_mode": "first_generation", "strict_population_scan_mode": "hybrid", "strict_population_scan_top_k": 8, "strict_population_full_scan_interval": 5}, "population": [[10, 5, 10, 5, 9, 6, 3, 1], [11, 5, 10, 5, 9, 6, 3, 1], [10, 5, 10, 5, 9, 6, 3, 1], [10, 5, 10, 5, 9, 6, 1, 1], [10, 5, 10, 5, 9, 6, 3, 3], [10, 5, 10, 5, 9, 6, 3, 1], [10, 5, 10, 5, 9, 6, 3, 1], [10, 5, 10, 5, 9, 6, 3, 1], [10, 5, 10, 5, 9, 6, 3, 2], [10, 5, 10, 5, 9, 6, 3, 1], [10, 5, 10, 5, 9, 6, 3, 1], [10, 5, 10, 5, 9, 6, 3, 1], [10, 5, 10, 5, 9, 6, 3, 1], [10, 5, 10, 5, 9, 6, 3, 1], [10, 5, 10, 5, 9, 6, 3, 1], [10, 5, 10, 5, 9, 6, 3, 1], [10, 5, 10, 5, 9, 6, 3, 1], [10, 5, 10, 5, 9, 6, 3, 1], [10, 5, 10, 5, 9, 6, 3, 1], [10, 5, 10, 5, 9, 6, 3, 1], [10, 5, 10, 5, 9, 6, 3, 1], [10, 5, 10, 5, 9, 6, 3, 1], [10, 5, 10, 5, 9, 6, 3, 1], [10, 5, 10, 5, 9, 6, 3, 1], [10, 5, 10, 5, 9, 6, 3, 1], [10, 5, 10, 5, 9, 6, 3, 1], [10, 5, 10, 5, 9, 6, 3, 1], [10, 5, 10, 7, 9, 6, 3, 1], [10, 5, 10, 4, 9, 6, 3, 1], [10, 5, 10, 5, 9, 6, 3, 1], [10, 5, 10, 5, 9, 6, 3, 1], [10, 5, 10, 5, 9, 6, 3, 1], [10, 5, 10, 5, 9, 6, 3, 1], [10, 5, 10, 5, 9, 6, 3, 1], [10, 5, 10, 5, 10, 6, 3, 1], [10, 5, 10, 5, 9, 6, 3, 1], [10, 5, 10, 5, 10, 6, 3, 1], [10, 5, 10, 5, 9, 6, 3, 1], [10, 5, 10, 5, 9, 6, 3, 1], [10, 5, 12, 5, 9, 6, 3, 1]], "best_paper_score_seen": 444000.0, "best_gap_seen": 5.966587112171838}