{"run_id": "run-6520ccd140", "saved_at": 1778312861.1621184, "generation": 130, "config": {"network_file": "TLN.inp", "algorithm": "standard", "population_size": 40, "max_generations": 130, "local_search_intensity": 0.8, "seed": 52, "strict_objective_for_optimization": true, "strict_check_full_population_each_gen": true, "repair_mode": "first_generation", "strict_population_scan_mode": "hybrid", "strict_population_scan_top_k": 8, "strict_population_full_scan_interval": 5}, "population": [[10, 10, 8, 6, 5, 4, 0, 10], [10, 10, 8, 6, 5, 4, 0, 10], [10, 10, 8, 6, 5, 4, 0, 10], [10, 10, 8, 6, 5, 4, 0, 10], [9, 10, 8, 6, 5, 4, 0, 10], [10, 10, 8, 6, 5, 4, 0, 10], [10, 10, 8, 6, 5, 4, 0, 10], [10, 10, 8, 6, 5, 4, 0, 10], [10, 10, 7, 6, 5, 4, 0, 10], [10, 10, 8, 6, 5, 4, 0, 10], [10, 10, 8, 6, 5, 4, 0, 10], [10, 10, 8, 6, 5, 4, 0, 10], [10, 10, 8, 6, 5, 4, 0, 10], [10, 10, 8, 6, 5, 4, 0, 10], [10, 10, 8, 6, 5, 4, 0, 10], [10, 10, 8, 6, 5, 4, 0, 10], [10, 10, 8, 6, 5, 5, 0, 10], [11, 9, 7, 6, 5, 4, 0, 10], [10, 9, 8, 6, 5, 4, 0, 10], [10, 10, 8, 6, 5, 4, 0, 10], [10, 11, 8, 6, 5, 4, 0, 10], [10, 10, 8, 6, 5, 4, 0, 10], [11, 10, 8, 6, 5, 4, 0, 10], [10, 10, 8, 6, 5, 4, 0, 10], [10, 10, 8, 6, 5, 4, 0, 8], [10, 10, 8, 6, 5, 4, 0, 10], [10, 10, 8, 6, 5, 4, 0, 10], [10, 10, 8, 6, 5, 4, 0, 10], [10, 10, 8, 6, 5, 4, 0, 10], [10, 10, 8, 6, 5, 4, 0, 10], [10, 10, 8, 5, 5, 4, 0, 10], [10, 10, 8, 6, 5, 0, 0, 10], [10, 10, 8, 6, 5, 4, 0, 10], [10, 10, 8, 6, 5, 4, 0, 10], [10, 10, 11, 6, 5, 4, 0, 10], [10, 10, 8, 6, 5, 4, 0, 11], [10, 10, 8, 8, 5, 4, 0, 10], [10, 10, 8, 6, 5, 3, 0, 10], [10, 10, 8, 6, 5, 4, 0, 10], [10, 10, 8, 6, 5, 4, 0, 10]], "best_paper_score_seen": 443000.0, "best_gap_seen": 5.727923627684964}