{"run_id": "run-8154549f50", "saved_at": 1775842070.8988805, "generation": 141, "config": {"network_file": "TLN.inp", "algorithm": "memetic", "population_size": 40, "max_generations": 250, "local_search_intensity": 0.8, "seed": 47, "strict_objective_for_optimization": true, "strict_check_full_population_each_gen": true, "repair_mode": "first_generation"}, "population": [[10, 8, 8, 0, 8, 4, 8, 6], [9, 8, 8, 0, 8, 4, 8, 6], [10, 8, 8, 0, 8, 4, 8, 6], [10, 8, 8, 0, 8, 4, 8, 6], [10, 8, 8, 0, 8, 4, 8, 6], [10, 8, 8, 0, 8, 4, 8, 6], [10, 8, 8, 0, 8, 4, 8, 6], [10, 8, 8, 0, 8, 4, 8, 6], [10, 8, 8, 0, 8, 4, 8, 6], [10, 8, 8, 0, 8, 4, 8, 6], [10, 8, 8, 0, 8, 4, 8, 6], [11, 7, 9, 0, 8, 5, 7, 5], [12, 7, 8, 0, 8, 4, 8, 6], [10, 8, 8, 0, 8, 4, 8, 6], [10, 8, 8, 0, 8, 4, 8, 6], [10, 8, 8, 0, 8, 2, 9, 6], [10, 8, 8, 0, 8, 4, 8, 6], [10, 8, 8, 0, 8, 4, 8, 6], [10, 8, 8, 0, 8, 4, 8, 6], [11, 8, 8, 0, 7, 1, 8, 6], [10, 8, 8, 0, 8, 4, 8, 6], [10, 8, 8, 0, 8, 4, 8, 6], [10, 8, 8, 0, 6, 4, 8, 9], [10, 8, 7, 0, 8, 4, 6, 6], [10, 8, 8, 0, 8, 4, 6, 6], [10, 8, 8, 0, 8, 4, 8, 6], [10, 8, 8, 0, 8, 4, 8, 6], [10, 8, 8, 0, 8, 4, 8, 6], [10, 8, 8, 0, 4, 4, 8, 6], [10, 8, 8, 0, 8, 4, 8, 6], [10, 8, 8, 0, 8, 4, 8, 6], [10, 8, 8, 0, 8, 4, 8, 6], [10, 8, 8, 0, 8, 4, 8, 6], [10, 9, 8, 0, 8, 2, 8, 6], [10, 8, 8, 0, 8, 4, 8, 6], [10, 8, 8, 0, 8, 4, 8, 6], [10, 7, 8, 0, 8, 4, 8, 6], [10, 8, 8, 0, 8, 4, 8, 6], [10, 8, 8, 0, 8, 4, 8, 6], [10, 8, 8, 0, 8, 4, 8, 6]], "best_paper_score_seen": 420000.0, "best_gap_seen": 0.2386634844868735}