{"run_id": "run-a59f1a48b5", "saved_at": 1778316512.781593, "generation": 130, "config": {"network_file": "TLN.inp", "algorithm": "standard", "population_size": 40, "max_generations": 130, "local_search_intensity": 0.8, "seed": 42, "strict_objective_for_optimization": true, "strict_check_full_population_each_gen": true, "repair_mode": "first_generation", "strict_population_scan_mode": "hybrid", "strict_population_scan_top_k": 8, "strict_population_full_scan_interval": 5}, "population": [[10, 8, 8, 0, 8, 4, 8, 6], [8, 8, 6, 0, 8, 2, 8, 7], [10, 7, 8, 0, 8, 4, 8, 8], [8, 8, 7, 0, 8, 2, 6, 6], [6, 8, 6, 0, 8, 5, 8, 6], [10, 8, 7, 1, 7, 4, 8, 7], [8, 8, 7, 2, 6, 4, 8, 4], [8, 8, 8, 0, 7, 3, 8, 6], [10, 6, 8, 2, 8, 4, 7, 4], [6, 8, 7, 0, 8, 2, 7, 6], [8, 8, 8, 0, 8, 5, 8, 6], [10, 6, 8, 0, 8, 2, 7, 6], [8, 7, 8, 0, 8, 4, 8, 8], [10, 8, 5, 0, 7, 5, 8, 7], [10, 7, 7, 0, 7, 4, 8, 8], [10, 8, 7, 0, 6, 4, 8, 4], [8, 8, 8, 0, 8, 3, 8, 8], [8, 8, 6, 4, 8, 5, 7, 2], [8, 7, 8, 0, 7, 3, 8, 8], [6, 8, 6, 0, 8, 0, 7, 6], [8, 8, 7, 0, 8, 5, 8, 6], [8, 8, 8, 2, 8, 4, 6, 6], [6, 7, 6, 0, 8, 0, 8, 2], [8, 8, 7, 0, 8, 4, 7, 6], [6, 8, 8, 0, 8, 0, 7, 6], [8, 8, 8, 2, 8, 4, 7, 6], [8, 8, 7, 0, 8, 4, 8, 4], [10, 8, 8, 0, 8, 3, 7, 4], [8, 7, 8, 0, 8, 4, 8, 6], [10, 6, 8, 2, 7, 4, 8, 6], [10, 8, 8, 0, 8, 5, 8, 5], [10, 8, 8, 1, 8, 4, 7, 4], [10, 8, 7, 0, 8, 4, 8, 6], [10, 6, 8, 2, 8, 4, 7, 6], [8, 8, 8, 2, 8, 4, 7, 6], [10, 8, 7, 2, 7, 4, 8, 6], [6, 6, 8, 0, 8, 2, 7, 6], [10, 8, 7, 0, 8, 5, 7, 7], [8, 8, 7, 0, 8, 5, 7, 8], [10, 8, 7, 1, 8, 4, 8, 8]], "best_paper_score_seen": 420000.0, "best_gap_seen": 0.2386634844868735}