{"run_id": "run-7970a9ab21", "saved_at": 1778312672.799822, "generation": 130, "config": {"network_file": "TLN.inp", "algorithm": "standard", "population_size": 40, "max_generations": 130, "local_search_intensity": 0.8, "seed": 55, "strict_objective_for_optimization": true, "strict_check_full_population_each_gen": true, "repair_mode": "first_generation", "strict_population_scan_mode": "hybrid", "strict_population_scan_top_k": 8, "strict_population_full_scan_interval": 5}, "population": [[11, 8, 7, 2, 9, 6, 5, 1], [11, 8, 7, 2, 9, 6, 5, 1], [11, 8, 7, 2, 9, 6, 5, 1], [11, 8, 7, 2, 9, 6, 5, 1], [11, 8, 7, 2, 9, 6, 6, 1], [11, 8, 7, 2, 9, 6, 5, 1], [11, 8, 7, 2, 9, 6, 4, 1], [11, 8, 6, 2, 9, 6, 5, 1], [11, 6, 7, 2, 9, 7, 5, 1], [11, 8, 7, 2, 9, 6, 4, 1], [11, 8, 7, 3, 9, 6, 5, 1], [11, 8, 7, 2, 9, 6, 5, 0], [11, 8, 7, 2, 9, 6, 5, 1], [11, 8, 7, 2, 9, 6, 5, 1], [11, 8, 7, 2, 9, 6, 5, 1], [12, 8, 7, 2, 9, 6, 5, 1], [11, 8, 7, 2, 9, 6, 5, 1], [11, 8, 7, 2, 9, 6, 5, 1], [10, 8, 7, 2, 9, 6, 5, 1], [11, 8, 7, 2, 9, 6, 5, 1], [10, 8, 7, 2, 9, 6, 5, 1], [11, 8, 7, 2, 9, 6, 5, 1], [11, 8, 7, 2, 9, 6, 5, 1], [11, 8, 7, 2, 9, 6, 5, 1], [11, 8, 7, 2, 9, 6, 5, 1], [11, 8, 7, 2, 9, 6, 5, 2], [11, 8, 7, 2, 9, 6, 5, 1], [11, 8, 7, 2, 9, 6, 5, 1], [11, 8, 7, 2, 9, 6, 5, 1], [11, 8, 7, 2, 9, 6, 5, 1], [11, 8, 7, 2, 9, 6, 5, 1], [11, 8, 7, 2, 9, 6, 5, 1], [10, 8, 8, 2, 9, 6, 5, 1], [11, 8, 7, 2, 9, 5, 5, 1], [11, 8, 7, 2, 9, 6, 5, 1], [11, 8, 7, 2, 9, 6, 5, 1], [11, 8, 5, 2, 9, 6, 5, 1], [11, 8, 7, 2, 9, 6, 5, 1], [11, 8, 7, 2, 9, 6, 5, 1], [11, 8, 7, 2, 9, 6, 5, 1]], "best_paper_score_seen": 438000.0, "best_gap_seen": 4.534606205250597}