{
  "instance": "TLN.inp",
  "runs": 10,
  "published_best_cost": 419000.0,
  "best_cost_min": 438000.0,
  "best_cost_max": 518000.0,
  "best_cost_mean": 487800.0,
  "best_cost_median": 495000.0,
  "best_cost_stdev": 23351.42156034379,
  "best_run_distance_from_published_best_pct": 4.534606205250591,
  "median_run_distance_from_published_best_pct": 18.138424821002385
}