{
  "instance": "GOY.inp",
  "experiment_config": {
    "population_size": 50,
    "generations": 300,
    "mutation_factor": 0.65,
    "crossover_rate": 0.85
  },
  "runs": 15,
  "published_best_cost": 177010359.0,
  "best_cost_min": 177009557.0,
  "best_cost_max": 177160735.0,
  "best_cost_mean": 177031893.66666666,
  "best_cost_median": 177010359.0,
  "best_cost_stdev": 48381.06927104365,
  "run_time_seconds_min": 202.30376165599955,
  "run_time_seconds_max": 257.96263814100166,
  "run_time_seconds_mean": 224.62134110613368,
  "run_time_seconds_median": 219.43331332899834,
  "run_time_seconds_stdev": 15.867665210343027,
  "best_run_distance_from_published_best_pct": 0.0,
  "median_run_distance_from_published_best_pct": 0.0
}