network_file,algorithm,status,generation,best_paper_score,best_paper_cost,feasible_count,gap_to_published_pct
BIN.inp,standard,stopped,120,6824935.584000003,6824935.584000003,7,248.92308711656455
BIN.inp,memetic,running,210,6012479.852000002,6012479.852000002,19,207.38649550102258
hanoi.inp,standard,stopped,198,6332152.379999999,6332152.379999999,15,4.130116428219026
hanoi.inp,memetic,stopped,17,6303652.56,6303652.56,19,3.661446472619628
TLN.inp,standard,stopped,70,439000.0,439000.0,33,4.77326968973747
TLN.inp,memetic,stopped,101,448000.0,448000.0,35,6.921241050119332
