run_id,seed,best_cost,published_best_cost,distance_from_published_best_pct
12.0,10012.0,2019830.432,1956000.0,3.263314519427407
10.0,10010.0,2078961.642,1956000.0,6.286382515337419
9.0,10009.0,2201570.6119999997,1956000.0,12.554734764826158
11.0,10011.0,2076910.792,1956000.0,6.181533333333333
