run_id,seed,best_fitness
1.0,10001.0,0.0021009429994010317
2.0,10002.0,0.001328576096314118
3.0,10003.0,0.0007442500417912331
4.0,10004.0,0.0003813457144841436
5.0,10005.0,0.0003529843235659155
6.0,10006.0,0.00039381809345298037
7.0,10007.0,0.00033770654933889984
8.0,10008.0,0.00014232874848202405
9.0,10009.0,0.001136899562643683
10.0,10010.0,0.000541737294832547
