{
  "instance": "TLN.inp",
  "experiment_config": {
    "population_size": 40,
    "generations": 160,
    "mutation_factor": 0.65,
    "crossover_rate": 0.85
  },
  "runs": 24,
  "published_best_cost": 419000.0,
  "best_cost_min": 419000.0,
  "best_cost_max": 442000.0,
  "best_cost_mean": 422291.6666666667,
  "best_cost_median": 420000.0,
  "best_cost_stdev": 6382.57932505188,
  "run_time_seconds_min": 67.96811513500143,
  "run_time_seconds_max": 180.88606413399975,
  "run_time_seconds_mean": 151.05301955062532,
  "run_time_seconds_median": 160.3121790085006,
  "run_time_seconds_stdev": 27.19535935489321,
  "best_run_distance_from_published_best_pct": 0.0,
  "median_run_distance_from_published_best_pct": 0.23866348448686736
}