{
  "instance": "GOY.inp",
  "experiment_config": {
    "population_size": 50,
    "generations": 300,
    "mutation_factor": 0.5,
    "crossover_rate": 0.8
  },
  "runs": 15,
  "published_best_cost": 177010359.0,
  "best_cost_min": 177010359.0,
  "best_cost_max": 177064779.0,
  "best_cost_mean": 177020875.86666667,
  "best_cost_median": 177010359.0,
  "best_cost_stdev": 21783.46996124311,
  "run_time_seconds_min": 110.57749861299999,
  "run_time_seconds_max": 160.8797682760005,
  "run_time_seconds_mean": 128.78748957720018,
  "run_time_seconds_median": 129.19912536300035,
  "run_time_seconds_stdev": 11.891921206277331,
  "best_run_distance_from_published_best_pct": 0.0,
  "median_run_distance_from_published_best_pct": 0.0
}