{
  "instance": "HAN.inp",
  "experiment_config": {
    "population_size": 40,
    "generations": 200,
    "mutation_factor": 0.5,
    "crossover_rate": 0.8
  },
  "runs": 18,
  "published_best_cost": 6081000.0,
  "best_cost_min": 6167660.899999999,
  "best_cost_max": 6520938.399999999,
  "best_cost_mean": 6351641.992222222,
  "best_cost_median": 6351621.279999999,
  "best_cost_stdev": 106137.01481572306,
  "run_time_seconds_min": 275.80310549399655,
  "run_time_seconds_max": 308.5890610869974,
  "run_time_seconds_mean": 290.9205943296108,
  "run_time_seconds_median": 290.02967760950014,
  "run_time_seconds_stdev": 10.891537802092694,
  "best_run_distance_from_published_best_pct": 1.425109357013632,
  "median_run_distance_from_published_best_pct": 4.450275941456994
}