{
  "instance": "HAN.inp",
  "experiment_config": {
    "population_size": 50,
    "generations": 1000,
    "mutation_factor": 0.65,
    "crossover_rate": 0.85
  },
  "runs": 16,
  "published_best_cost": 6081000.0,
  "best_cost_min": 6081067.619999999,
  "best_cost_max": 6335702.119999999,
  "best_cost_mean": 6214854.498749999,
  "best_cost_median": 6250289.34,
  "best_cost_stdev": 98281.95330944502,
  "run_time_seconds_min": 609.9447472090105,
  "run_time_seconds_max": 751.4265215880005,
  "run_time_seconds_mean": 672.5958031151904,
  "run_time_seconds_median": 673.5134591230017,
  "run_time_seconds_stdev": 42.53846982064463,
  "best_run_distance_from_published_best_pct": 0.001111988159818722,
  "median_run_distance_from_published_best_pct": 2.783906265416869
}